content,date,like,place,tags
"제주의 낮과밤은 언제나 즐거움이 가득해요 선선한 날씨라 야외테이블을 이용하기 딱 좋은 시즌이에요 오늘 같은 날 평생테이블에 앉아 맛있는 갈치조림, 활어모듬회 맛보세요!! 제주여행중거나 계획하고 계신다면 이곳을 빼 놓으면 안되겠죠?? 오픈 10시30분 라스트오더 21시 마감 22시 위치 #애월북서길54 #애월하미 전화문의 070 4566 9000 #애월맛집 #제주맛집 #제주도맛집#애월통갈치조림#애월통갈치조림맛집#애월횟집 #제주횟집#제주야외맛집#제주야외식당#제주도갈치조림전문점#제주도통갈치조림맛집#제주도갈치구이맛집#애월하미 #제주여행#제주도존맛",2021-08-18,0, ,"['#애월북서길54', '#애월하미', '#애월맛집', '#제주맛집', '#제주도맛집', '#애월통갈치조림', '#애월통갈치조림맛집', '#애월횟집', '#제주횟집', '#제주야외맛집', '#제주야외식당', '#제주도갈치조림전문점', '#제주도통갈치조림맛집', '#제주도갈치구이맛집', '#애월하미', '#제주여행', '#제주도존맛']"
"협찬제주애월맛집 ""랍스터빈""주소 : 제주시 애월읍 애월해안로 752전화 : 064-743-1979영업 : 오전11시~밤10시 연중무휴포장ㆍ배달 환영💘 랍스터빈#애월맛집 #애월카페 #애월읍맛집 #제주애월맛집 #제주도맛집 #제주맛집 #제주도카페 #제주카페 #외도맛집 #하귀맛집 #한림맛집 #한림카페#애월해안도로맛집 #애월가볼만한곳 #제주공항맛집 #제주공항근처맛집 #제주도 #한라산",2021-08-19,0, ,"['#애월맛집', '#애월카페', '#애월읍맛집', '#제주애월맛집', '#제주도맛집', '#제주맛집', '#제주도카페', '#제주카페', '#외도맛집', '#하귀맛집', '#한림맛집', '#한림카페', '#애월해안도로맛집', '#애월가볼만한곳', '#제주공항맛집', '#제주공항근처맛집', '#제주도', '#한라산']"
"<광고>섭지코지에서 한끼 맛있게 드시고 싶다면...특히 점심메뉴로 강력추천드리고요 물론 저녁에 먹어도 좋아요!⠀혼술 / 혼밥 가능한곳!!⠀🍱#섭지코지한끼🍱오픈 11:00 - 22:00 (마지막오더 21:00)🍱18시 이후 야식포장 배달가능🍱18시 이후 혼밥손님만 홀가능🍱휴일은 매달 첫번째 세번째 월요일 휴무🍱포장배달가능 & 배달의민족 가능🍱문의전화 : 📱 010-5385-0995🍱단체주문환영🍱유치원, 행사도시락 모두주문가능✳️음료만 별도로 테이크아웃 가능합니다.⠀#섭지코지맛집 #섭지코지 #섭지코지카페#스누피가든 #성산일출봉 #제주핫플 #제주맛집#제주도맛집 #제주도돈까스 #비자림맛집#제주데이트코스 #제주혼자여행 #제주도혼자여행#제주혼술하기좋은곳 #제주혼밥 #제주도혼밥#제주술집 #성산돈까스 #제주혼술 #제주도혼술#서귀포혼술 #제주아쿠아플라넷 #아쿠아플라넷제주",2021-08-18,0, ,"['#섭지코지한끼🍱오픈', '#섭지코지맛집', '#섭지코지', '#섭지코지카페', '#스누피가든', '#성산일출봉', '#제주핫플', '#제주맛집', '#제주도맛집', '#제주도돈까스', '#비자림맛집', '#제주데이트코스', '#제주혼자여행', '#제주도혼자여행', '#제주혼술하기좋은곳', '#제주혼밥', '#제주도혼밥', '#제주술집', '#성산돈까스', '#제주혼술', '#제주도혼술', '#서귀포혼술', '#제주아쿠아플라넷', '#아쿠아플라넷제주']"
"협찬제주애월 썬셋맛집 ""랍스터빈""주소 : 제주시 애월읍 애월해안로 752전화 : 064-743-1979영업 : 오전11시~밤10시 연중무휴포장ㆍ배달 환영💘 랍스터빈#애월맛집 #애월카페 #애월읍맛집 #제주애월맛집 #제주도맛집 #제주맛집 #제주도카페 #제주카페 #외도맛집 #하귀맛집 #한림맛집 #한림카페#애월해안도로맛집 #애월가볼만한곳 #제주공항맛집 #제주공항근처맛집 #제주도 #비자림",2021-08-17,0, ,"['#애월맛집', '#애월카페', '#애월읍맛집', '#제주애월맛집', '#제주도맛집', '#제주맛집', '#제주도카페', '#제주카페', '#외도맛집', '#하귀맛집', '#한림맛집', '#한림카페', '#애월해안도로맛집', '#애월가볼만한곳', '#제주공항맛집', '#제주공항근처맛집', '#제주도', '#비자림']"
<광고>분위기 좋고!! 매장 내부가 넓어서 쾌적하고좋아요.시간대 잘 맞추시면 애월바다 저녁 노을을바라 보면서 식사도 가능하니 역시 최고죠!!✔제주 제주시 애월읍 애월해안도로 656✔매일 17:00 - 22:00 연중무휴✔064-741-5002#코시롱#애월맛집 #애월읍맛집 #애월맛집추천#애월흑돼지맛집 #제주흑돼지맛집 #제주도흑돼지맛집 #제주애월맛집 #애월가볼만한곳 #제주도맛집#제주맛집 #협재맛집 #한림맛집#애월핫플 #제주게스트하우스 #한담맛집#애월흑돼지 #제주흑돼지 #제주도흑돼지,2021-08-18,0, ,"['#코시롱', '#애월맛집', '#애월읍맛집', '#애월맛집추천', '#애월흑돼지맛집', '#제주흑돼지맛집', '#제주도흑돼지맛집', '#제주애월맛집', '#애월가볼만한곳', '#제주도맛집', '#제주맛집', '#협재맛집', '#한림맛집', '#애월핫플', '#제주게스트하우스', '#한담맛집', '#애월흑돼지', '#제주흑돼지', '#제주도흑돼지']"
광고)제주공항에서 진~짜가깝고 개별룸이 많아서 더 좋고맛있는 도민맛집으로유명한 '연동대게회타운'낮2시부터 ~ 라스트오더는 밤 12시까지개인룸에서 맘편하게 먹자!!🙊이야.. 살이 꽉 차있네소리가 절로나오는탱글 쫄깃한💦속살에⠀녹~찐한 내장까지증말 스릉흔다❤❤⠀밑반찬 구성도푸짐하니 다양하게즐길 수 있어 좋고!⠀살이꽉찬 대게&킹크랩 맛집👏⠀개별룸 형식으로걱정🙅 ♀없이 먹는'연동대게회타운'⠀<연동대게회타운>*제주 제주시 신대로 125*064-903-1889#제주맛집 #제주도맛집#제주공항근처맛집#제주골프 #제주도골프#제주여행 #제주도여행#제주 #제주도 #제주시맛집 #제주시 #제주도민맛집 #제주공항 #제주도공항,2021-08-18,0, ,"['#제주맛집', '#제주도맛집', '#제주공항근처맛집', '#제주골프', '#제주도골프', '#제주여행', '#제주도여행', '#제주', '#제주도', '#제주시맛집', '#제주시', '#제주도민맛집', '#제주공항', '#제주도공항']"
"☑️채훈이네 영업시간이 6:30~15:00로 변경되었습니다.☑️#몸국 전국택배 가능해요 😊 정성 가득 담아서 보내드려요~~오늘도 찾아주셔서 감사합니다 ☺️☺️———————————————영업시간: 월~금 6:30 - 15:00토요일 휴무, 일요일 6:30 - 15:00last order: 14:30모든 메뉴 포장, 택배 가능——————————————— #채훈이네해장국 #짠내투어 #제주도 #제주 #채훈이네고사리육개장 #고사리육개장택배 #신창맛집 #한경면맛집 #제주도맛집 #제주맛집 #제주도맛집추천 #제주맛집추천 #제주도민맛집 #제주도민 #좋반 #소통 #맞팔 #맞팔환영 #제주도가볼만한곳 #제주살이 #제주핫플 #협재 #금능 #한림 #좋반 #좋반테러 #좋반환영 #좋반사 #좋반댓 #맞팔 #맞팔해요 #맞팔환영",2021-08-18,175, ,"['#몸국', '#채훈이네해장국', '#짠내투어', '#제주도', '#제주', '#채훈이네고사리육개장', '#고사리육개장택배', '#신창맛집', '#한경면맛집', '#제주도맛집', '#제주맛집', '#제주도맛집추천', '#제주맛집추천', '#제주도민맛집', '#제주도민', '#좋반', '#소통', '#맞팔', '#맞팔환영', '#제주도가볼만한곳', '#제주살이', '#제주핫플', '#협재', '#금능', '#한림', '#좋반', '#좋반테러', '#좋반환영', '#좋반사', '#좋반댓', '#맞팔', '#맞팔해요', '#맞팔환영']"
<광고>#우도 들어가기전에 꼭 #산도롱맨도롱#갈비국수 꼭 드셔보세요.✔손소독제 항시 배치 (입장시 입구부터 손소독제 마스크 착용후 입장 가능합니다) ▪️오픈시간: 07:30 - 17:00▪️전화: 064-782-5105▪️제주시 구좌읍 해맞이해안로 2284▪️매주 화요일 휴무#제주맛집 #제주도맛집 #성산맛집#성산일출봉맛집 #우도맛집 #우도#종달리맛집 #스누피가든 #광치기해변#광치기해변맛집 #제주흑돼지맛집#제주도흑돼지맛집 #제주고기국수맛집#제주고기국수 #제주아침식사 #월정리맛집,2021-08-18,0, ,"['#우도', '#산도롱맨도롱', '#갈비국수', '#제주맛집', '#제주도맛집', '#성산맛집', '#성산일출봉맛집', '#우도맛집', '#우도', '#종달리맛집', '#스누피가든', '#광치기해변', '#광치기해변맛집', '#제주흑돼지맛집', '#제주도흑돼지맛집', '#제주고기국수맛집', '#제주고기국수', '#제주아침식사', '#월정리맛집']"
"그 유명한 #연돈 에 다녀왔습니다. 그런데ㅎ;;;⠀⠀⠀⠀⠀⠀⠀어마무시한 웨이팅으로 찐맛집임을 입증하던 #제주도연돈 이최근 #테이블링 이라는 어플을 통해 예약이 가능해짐으로써극약의 예약 난이도를 자랑하는 먹켓팅맛집으로 거듭났는데요예약 경쟁이 거즘 전쟁급이지만 기꺼이 참전했고, 승리했습니다⠀⠀⠀⠀⠀⠀⠀주문한 메뉴는 등심까스(9,000원)와 치즈까스(10,000원)⭐️수제카레(3,000원)는 현장에서 별도로 추가 주문을 받는데ㄹㅇ 존맛이니까 고민하지 마시고 무조건 [1인 1카레] 하세오 !⠀⠀⠀⠀⠀⠀⠀(입장한 순서와 관계없이 예약 순서대로 서빙해 주시기 때문에더 늦게 들어온 팀이 음식을 먼저 받는 경우가 종종 있는데이에 대한 이해도가 낮아서인지 관련된 악평이 꽤 많더라구요)⠀⠀⠀⠀⠀⠀⠀이윽고 메뉴가 당도한 순간, 뭔가 잘못됐음을 직감했습니다🗿비계부분을 날리고 살코기만 썼다지만 한 눈에 봐도 넘 퍽퍽쓰분명 풍부한 육즙과 부드러운 식감이라고 적혀있었는데 말이죠그렇다고해서 잡내가 나거나하진 않았지만 특별함은 1도 없는;;;⠀⠀⠀⠀⠀⠀⠀더 심각한건 글루텐 함량이 적은+수제 빵가루인 것 까진 좋은데앞, 뒤로 바삭하다 못해 입천장이 까질 정도로 너무 거칠어서에라 모르겠다하고 먹었다가 다음날까지 고생을 했읍니다 ,,ㅎ네, 지금까지 도무지 이해할 수 없는 연돈 등심까스 후기였구요⠀⠀⠀⠀⠀⠀⠀지금의 골목식당을 있게한 장본인, 치돈은 역시나 존맛탱😇♥️#등심까스 와는 전혀 다른 컨디션의 음식이라 깜짝 놀랐습니당만원 한장으로 영접할 수 있는 최고의 치즈까스가 아닐까싶은,,,⠀⠀⠀⠀⠀⠀⠀수제카레 역시 백종원선생님께서 극찬하신 이유가 납득가는 맛양파 카라멜라이징을 어찌나 정성들여서 했는지 풍/미/작/렬1숟갈에 1감탄을 부르는 맛이라, 지나가는 사람 붙잡고 제발한 입만 먹어보라고 하고싶을 정도입니다ㅠ🥺 핵ㅠ존ㅠ맛ㅠ⠀⠀⠀⠀⠀⠀⠀연돈의 ‘ㅇ’라도 경험하고 싶은 분들을 위해 테이크아웃 전용인#수제볼카츠 라는 메뉴도 출시됐다고 하니 궁금하신 분들은매일 오후 8시에 테이블링 앱을 통해 예약에 도전해보세요🙏🏻⠀⠀⠀⠀⠀⠀⠀+) 다녀오신 분들의 리얼후기가 궁금합니다 제발 공유해 주세요⠀⠀⠀⠀⠀⠀⠀📍제주 서귀포시 일주서로 968-10(색달동  2156-2)☎️ 0507-1386-7060🕰 매일 12:00–21:00(B.T 16:00~18:00)/매주 월요일 휴무⠀⠀⠀⠀⠀⠀⠀#아토짱_제주 #제주도맛집 #제주맛집 #제주도가볼만한곳#서귀포맛집 #색달동맛집 #제주도핫플 #제주서귀포맛집#제주도맛집추천 #제주도돈까스 #제주도핫플 #제주도점심",2021-08-18,"4,562", ,"['#연돈', '#제주도연돈', '#테이블링', '#등심까스', '#수제볼카츠', '#아토짱_제주', '#제주도맛집', '#제주맛집', '#제주도가볼만한곳', '#서귀포맛집', '#색달동맛집', '#제주도핫플', '#제주서귀포맛집', '#제주도맛집추천', '#제주도돈까스', '#제주도핫플', '#제주도점심']"
이집 사장님의 인심이 엿보이는 한상이랄까요~ 2인상인데 정말 배 터질정도로 먹고 나왔어요🤣#제주예찬#제주도맛집 #제주맛집 #제주공항근처맛집 #제주시맛집 #제주도갈치조림 #제주예찬갈치조림 #제주갈치맛집 #제주갈치조림맛집 #제주도갈치조림맛집 #제주도갈치구이맛집 #제주도여행 #제주여행 #제주가볼만한곳 #제주도가볼만한곳,2021-08-19,저 좋아요를 눌러보세, ,"['#제주예찬', '#제주도맛집', '#제주맛집', '#제주공항근처맛집', '#제주시맛집', '#제주도갈치조림', '#제주예찬갈치조림', '#제주갈치맛집', '#제주갈치조림맛집', '#제주도갈치조림맛집', '#제주도갈치구이맛집', '#제주도여행', '#제주여행', '#제주가볼만한곳', '#제주도가볼만한곳']"
"곱들락은 130년 전통의 영국 황실 소금인 말돈소금을 사용합니다. 말돈소금은 영국 말돈지역에서 나오는 소금으로 바닷물을 끓여만드는 자염입니다. 구운고기에 곁들이기 최적화된 명품소금을 맛보여드리고 싶은 곱들락의 마음입니다. ..오늘도 그마음을 전하기위해 최선을 다하겠습니다~~(매일 낮12시부터 늦은밤11시까지, 마지막주문10시)..#곱들락 #곱들락탁희 #제주흑돼지맛집 #제주맛집 #제주도민맛집#제주공항맛집 #제주도흑돼지 #제주흑돼지#제주도맛집 #제주도흑돼지맛집 #함덕맛집 #제주공항근처맛집 #함덕흑돼지 #말돈소금",2021-08-19,1, ,"['#곱들락', '#곱들락탁희', '#제주흑돼지맛집', '#제주맛집', '#제주도민맛집', '#제주공항맛집', '#제주도흑돼지', '#제주흑돼지', '#제주도맛집', '#제주도흑돼지맛집', '#함덕맛집', '#제주공항근처맛집', '#함덕흑돼지', '#말돈소금']"
"곱들락은 130년 전통의 영국 황실 소금인 말돈소금을 사용합니다. 말돈소금은 영국 말돈지역에서 나오는 소금으로 바닷물을 끓여만드는 자염입니다. 구운고기에 곁들이기 최적화된 명품소금을 맛보여드리고 싶은 곱들락의 마음입니다. ..오늘도 그마음을 전하기위해 최선을 다하겠습니다~~(매일 낮12시부터 늦은밤11시까지, 마지막주문10시)..#곱들락 #곱들락탁희 #제주흑돼지맛집 #제주맛집 #제주도민맛집#제주공항맛집 #제주도흑돼지 #제주흑돼지#제주도맛집 #제주도흑돼지맛집 #함덕맛집 #제주공항근처맛집 #함덕흑돼지 #말돈소금",2021-08-19,1, ,"['#곱들락', '#곱들락탁희', '#제주흑돼지맛집', '#제주맛집', '#제주도민맛집', '#제주공항맛집', '#제주도흑돼지', '#제주흑돼지', '#제주도맛집', '#제주도흑돼지맛집', '#함덕맛집', '#제주공항근처맛집', '#함덕흑돼지', '#말돈소금']"
인근 중문관광단지 맛집 중에서 줄 서서 먹는 곳이더라고요.여기 사장님이 제주 앞바다에서 낚은 은갈치와 각종 해산물로 만든 세트는 진짜 강추#색달식당중문본점#제주도갈치구이#제주통갈치조림#제주맛집#제주중문맛집#중문맛집색달식당#서귀포맛집#제주도맛집#제주갈치조림#제주도통갈치조림#제주도갈치조림맛집,2021-08-19,1, ,"['#색달식당중문본점', '#제주도갈치구이', '#제주통갈치조림', '#제주맛집', '#제주중문맛집', '#중문맛집색달식당', '#서귀포맛집', '#제주도맛집', '#제주갈치조림', '#제주도통갈치조림', '#제주도갈치조림맛집']"
#첫줄 #목요일 #휴가3일차 #여행 #제주도 #제주도맛집 #유리의성 #오설록 #릇 #갈치튀김덮밥 #한치튀김덮밥 #jmt #동생가게 #대박나라 #맛점 #맛스타그램 #먹스타그램 #여행스타그램,2021-08-19,8, ,"['#첫줄', '#목요일', '#휴가3일차', '#여행', '#제주도', '#제주도맛집', '#유리의성', '#오설록', '#릇', '#갈치튀김덮밥', '#한치튀김덮밥', '#jmt', '#동생가게', '#대박나라', '#맛점', '#맛스타그램', '#먹스타그램', '#여행스타그램']"
"함덕해수욕장에서 차타고 1-2분거리 한번에 다섯가지를 먹을 수 있는 곳후식으로 우도땅콩아이스림까지 !!메뉴 : 안녕제주한상, 한라산을 품다, 뿔소라전복비빔밥, 뿔소라국수, 전복죽, 어린이한상위치 : 함덕 18길19영업시간 : 오전10시~오후7시20분함덕 맛집 안녕제주 많은 방문 부탁드립니다~ㅎㅎ#제주도 #제주도핫플 #제주맛집 #제주도맛집 #제주도현지인맛집 #제주현지인맛집 #제주현지인추천맛집 #함덕 #함덕맛집 #함덕해수욕장근처맛집 #함덕해변 #함덕해수욕장맛집 #함덕카페 #함덕소노벨리조트 #제주도여행 #제주도민맛집 #흑돼지 #우도땅콩아이스크림 #먹방 #함덕맛집탐방 #혼밥스타그램 #안녕제주 #함덕혼밥 #함덕해수욕장 #함덕현지인맛집 #함덕맛집추천 #제주함덕맛집 #함덕전복죽 #함덕어린이메뉴",2021-08-19,저 좋아요를 눌러보세, ,"['#제주도', '#제주도핫플', '#제주맛집', '#제주도맛집', '#제주도현지인맛집', '#제주현지인맛집', '#제주현지인추천맛집', '#함덕', '#함덕맛집', '#함덕해수욕장근처맛집', '#함덕해변', '#함덕해수욕장맛집', '#함덕카페', '#함덕소노벨리조트', '#제주도여행', '#제주도민맛집', '#흑돼지', '#우도땅콩아이스크림', '#먹방', '#함덕맛집탐방', '#혼밥스타그램', '#안녕제주', '#함덕혼밥', '#함덕해수욕장', '#함덕현지인맛집', '#함덕맛집추천', '#제주함덕맛집', '#함덕전복죽', '#함덕어린이메뉴']"
"제주도를 대표하는 디저트 카페 ""섬타르""입니다!제주도의 멋진 뷰와 섬타르의 만남.★유정란을 사용하여 수제로 구워내고 있습니다★사장님이 오랜 연구 끝에 런칭한 제주산 수제 타르트 전문 브랜드 입니다★제주 공항에서 차로 10분거리★포토존이 있어서 고객분들이 거기서 꼭 촬영을 하고 가십니다상호명: 섬타르주소:제주 제주시 다랑곶1길 9연락처:064-744-4467주차유무: 가게앞 가게옆 뒷쪽에 공용주차장까지 있음#제주도카페 #제주카페 #제주공항근처카페 #제주시카페 #제주도선물 #제주선물 #제주도디저트 #제주디저트 #제주도여행 #제주여행 #제주도맛집#제주맛집 #제주공항카페 #제주도타르트 #제주타르트 #제주도 #제주#제주시맛집 #제주공항근처맛집 #제주도케이크",2021-08-19,저 좋아요를 눌러보세, ,"['#제주도카페', '#제주카페', '#제주공항근처카페', '#제주시카페', '#제주도선물', '#제주선물', '#제주도디저트', '#제주디저트', '#제주도여행', '#제주여행', '#제주도맛집', '#제주맛집', '#제주공항카페', '#제주도타르트', '#제주타르트', '#제주도', '#제주', '#제주시맛집', '#제주공항근처맛집', '#제주도케이크']"
휴가 하루차제주도 날씨가 너무 좋구만~~#제주도#제주도여행#제주도맛집#제주도카페#카페#여행#휴가#여름휴가#셀피#데일리#일상#하루#휴가시작#소통#인스타#인스타일상#인스타그램#셀피그램#셀스타#셀스타그램#카페맛집#제주도애월#애월,2021-08-19,7, ,"['#제주도', '#제주도여행', '#제주도맛집', '#제주도카페', '#카페', '#여행', '#휴가', '#여름휴가', '#셀피', '#데일리', '#일상', '#하루', '#휴가시작', '#소통', '#인스타', '#인스타일상', '#인스타그램', '#셀피그램', '#셀스타', '#셀스타그램', '#카페맛집', '#제주도애월', '#애월']"
애월 로드129성게크림파스타흑돼지 멘치카츠흑돼지 치즈돈까스흑돼지 고구마치즈돈까스흑돼지 수제돈까스해물야끼소바재료소진시 조기마감전메뉴 포장가능#애월맛집#제주맛집#애월읍맛집#애월항맛집#제주애월점심#애월맛집추천#제주애월맛집#애월점심추천#애월밥집#제주현지인맛집#제주도민추천맛집#제주도현지인맛집#도민맛집#제주혼밥#제주시맛집#제주도맛집#금능맛집#한림맛집#협재맛집#협재해수욕장맛집#곽지해수욕장맛집#더럭분교맛집#애월해안도로#제주서쪽맛집#애월데이트코스#새별오름#애월카페#제주데이트코스,2021-08-19,저 좋아요를 눌러보세, ,"['#애월맛집', '#제주맛집', '#애월읍맛집', '#애월항맛집', '#제주애월점심', '#애월맛집추천', '#제주애월맛집', '#애월점심추천', '#애월밥집', '#제주현지인맛집', '#제주도민추천맛집', '#제주도현지인맛집', '#도민맛집', '#제주혼밥', '#제주시맛집', '#제주도맛집', '#금능맛집', '#한림맛집', '#협재맛집', '#협재해수욕장맛집', '#곽지해수욕장맛집', '#더럭분교맛집', '#애월해안도로', '#제주서쪽맛집', '#애월데이트코스', '#새별오름', '#애월카페', '#제주데이트코스']"
말고기 먹고싶어서 찾아본 맛집! 영주말가든!비주얼부터 극에 달한 것 같은데!역시나 맛있음!최고임 정말~!!!#영주말가든#제주맛집#제주도맛집#제주공항근처맛집#제주공항맛집#제주도말고기맛집 #먹부림 #먹스타그램 #맞팔하자 #제주공항고기 #먹방사진 #맞팔신청,2021-08-19,138, ,"['#영주말가든', '#제주맛집', '#제주도맛집', '#제주공항근처맛집', '#제주공항맛집', '#제주도말고기맛집', '#먹부림', '#먹스타그램', '#맞팔하자', '#제주공항고기', '#먹방사진', '#맞팔신청']"
제주에서 먹은 마지막 음식 사진ㅋㅋㅋ.#제주도 #제주도맛집 #해오반 #분위기도좋고맛도좋고 #제주도맛집추천 #전복뚝배기 #보말죽 #옥돔구이 #전복회 #뿔소라 #마지막저녁은 #갈치조림 #황해식당 #짠내투어맛집 #내입엔별로😔 #여긴실패 #잘놀고잘먹고갑니다 #제주도여행끝😭,2021-08-19,3, ,"['#제주도', '#제주도맛집', '#해오반', '#분위기도좋고맛도좋고', '#제주도맛집추천', '#전복뚝배기', '#보말죽', '#옥돔구이', '#전복회', '#뿔소라', '#마지막저녁은', '#갈치조림', '#황해식당', '#짠내투어맛집', '#내입엔별로😔', '#여긴실패', '#잘놀고잘먹고갑니다', '#제주도여행끝😭']"
"함덕해수욕장에서 차타고 1-2분거리 한번에 다섯가지를 먹을 수 있는 곳후식으로 우도땅콩아이스림까지 !!메뉴 : 안녕제주한상, 한라산을 품다, 뿔소라전복비빔밥, 뿔소라국수, 전복죽, 어린이한상위치 : 함덕 18길19영업시간 : 오전10시~오후7시20분함덕 맛집 안녕제주 많은 방문 부탁드립니다~ㅎㅎ#제주도 #제주도핫플 #제주맛집 #제주도맛집 #제주도현지인맛집 #제주현지인맛집 #제주현지인추천맛집 #함덕 #함덕맛집 #함덕해수욕장근처맛집 #함덕해변 #함덕해수욕장맛집 #함덕카페 #함덕소노벨리조트 #제주도여행 #제주도민맛집 #흑돼지 #우도땅콩아이스크림 #먹방 #함덕맛집탐방 #혼밥스타그램 #안녕제주 #함덕혼밥 #함덕해수욕장 #함덕현지인맛집 #함덕맛집추천 #제주함덕맛집 #함덕전복죽 #함덕어린이메뉴",2021-08-19,저 좋아요를 눌러보세, ,"['#제주도', '#제주도핫플', '#제주맛집', '#제주도맛집', '#제주도현지인맛집', '#제주현지인맛집', '#제주현지인추천맛집', '#함덕', '#함덕맛집', '#함덕해수욕장근처맛집', '#함덕해변', '#함덕해수욕장맛집', '#함덕카페', '#함덕소노벨리조트', '#제주도여행', '#제주도민맛집', '#흑돼지', '#우도땅콩아이스크림', '#먹방', '#함덕맛집탐방', '#혼밥스타그램', '#안녕제주', '#함덕혼밥', '#함덕해수욕장', '#함덕현지인맛집', '#함덕맛집추천', '#제주함덕맛집', '#함덕전복죽', '#함덕어린이메뉴']"
제주 연동 신시가지 양고기 숨은맛집😋 프렌치랙🥩 소고기보다 양고기 💕 가격도 고기품질도 괜찮👍 초밥위에 양고기랑 같이 먹으면 더 꿀맛👍 히융 넘마밋😭👍 몇일내내 고기만 먹네😂✅ 제주도 술자리문의 010-3975-3904 조은희실장💕✅ 제주도 모든유흥 ➡️ 은희실장 010-3975-3904💡24시간 상담가능💡☎️ 010-3975-3904 ☎️ 🔹 ️조은희실장☎️ 010-3975-3904 ☎️ 🔹 ️조은희실장..#제주맛집 #제주카페 #제주핫플레이스 #제주살이 #제주 #제주도 #노형맛집 #연동맛집 #연동술집 #노형술집 #제주술집 #제주도가볼만한곳 #제주도술집 #연동 #노형동 #제주도여행 #제주도맛집 #제주도룸 #제주여행 #제주핫플 #제주도가라오케 #제주도퍼블릭 #제주도유흥 #제주유흥 #제주퍼블릭 #제주도바 #제주도호빠 #제주도텐프로 #제주가라오케,2021-08-19,2, ,"['#제주맛집', '#제주카페', '#제주핫플레이스', '#제주살이', '#제주', '#제주도', '#노형맛집', '#연동맛집', '#연동술집', '#노형술집', '#제주술집', '#제주도가볼만한곳', '#제주도술집', '#연동', '#노형동', '#제주도여행', '#제주도맛집', '#제주도룸', '#제주여행', '#제주핫플', '#제주도가라오케', '#제주도퍼블릭', '#제주도유흥', '#제주유흥', '#제주퍼블릭', '#제주도바', '#제주도호빠', '#제주도텐프로', '#제주가라오케']"
.제주 핫플레이스 콧수염 카페 😊옥상 빈백 정원여심 저격 피크닉월정 바다가 한눈에 들어오는 야외 테라스바다 뷰와 편안한 빈백 소파까지 준비되어 있어요 ☕️🧺🐕제주시 구좌읍 해맞이해안로 406 카페콧수염070-4131-8880방문해주신 모든 분들께 감사드립니다예쁜 사진 남겨주셔서 감사합니다 🌷#서귀포카페 #월정리해수욕장 #제주도 #제주도여행 #월정리맛집 #월정리카페콧수염 #세화카페 #제주카페추천 #월정 #제주애견동반카페 #제주도카페 #제주애견동반 #제주도민맛집 #제주도맛집 #제주월정리 #제주도선물 #함덕해수욕장 #제주월정리카페 #제주도마카롱 #제주여행 #월정리 #성산카페 #제주맛집 #성산일출봉맛집 #월정리카페 #월정리콧수염 #제주 #제주시카페 #제주동쪽카페 #제주카페,2021-08-19,저 좋아요를 눌러보세, ,"['#서귀포카페', '#월정리해수욕장', '#제주도', '#제주도여행', '#월정리맛집', '#월정리카페콧수염', '#세화카페', '#제주카페추천', '#월정', '#제주애견동반카페', '#제주도카페', '#제주애견동반', '#제주도민맛집', '#제주도맛집', '#제주월정리', '#제주도선물', '#함덕해수욕장', '#제주월정리카페', '#제주도마카롱', '#제주여행', '#월정리', '#성산카페', '#제주맛집', '#성산일출봉맛집', '#월정리카페', '#월정리콧수염', '#제주', '#제주시카페', '#제주동쪽카페', '#제주카페']"
"날씨가 너무나 화창한 8월 19일 목요일!!!바타타는 오늘도 정상영업 중 입니다😄너무나 맛있는 딱새우와 우럭튀김이 준비되어있어요~!!!포장이나 예약은 매장으로 언제든 전화주세요!!!포장이나 배달은 시간정해서 전화주시면 맞춰서 가능합니다!!!😄제주 딱새우는 바타타에서!!!...▶️ 포장메뉴 : 딱새우 회, 딱새우 찜, 마라딱새우, 우럭튀김 등등▶️ 위치 : 서귀포시 표선면 표선동서로 264번길 22 2층▶️ 주차가능, 애견동반시 애견은 테라스에, 오션뷰, 굿키즈존▶️ 예약&포장 : 064-787-3041 ☎️",2021-08-19,416, ,[]
⠀방에서 편하게 누워서 보면 될것을...⠀엄빠 일하는데 거슬리게 왜이러는 걸까요😓⠀1호기 2호기 땜에 오늘도 열심히🏃🏃........#혼밥가능#냉동삼겹살맛집#제주산1등급#가성비맛집#👫친절한식당#제주도맛집#브금맛집#로컬맛집#제주산흑돼지#함덕해수욕장맛집#함덕맛집#제주도민맛집#1인식사가능⠀,2021-08-19,8, ,"['#혼밥가능', '#냉동삼겹살맛집', '#제주산1등급', '#가성비맛집', '#👫친절한식당', '#제주도맛집', '#브금맛집', '#로컬맛집', '#제주산흑돼지', '#함덕해수욕장맛집', '#함덕맛집', '#제주도민맛집', '#1인식사가능⠀']"
"#유군초밥@yoo_sushi ꯁ 제주시 서광로32길 19 2층ꯁ 11:30 - 22:00 (B/T 15:00-17:00) 일요일휴무평일 점심 방문했는데오픈하자마자 전좌석 가득, 맛집인정내부도 넓고 깔끔&쾌적식전 샐러드부터 맛있기 시작해서크림짬뽕 너무너무너무 맛있음진짜 또 생각나는맛,,초밥도 두툼하고 신선하고튀김옷도 담백하니 맛있고시청까지 자주 나가지는 않지만두번 세번 방문할 의향 있어요....#제주맛집 #제주시청맛집",2021-08-19,4, ,"['#유군초밥@yoo_sushi', '#제주맛집', '#제주시청맛집']"
애월 로드129성게크림파스타흑돼지 멘치카츠흑돼지 치즈돈까스흑돼지 고구마치즈돈까스흑돼지 수제돈까스해물야끼소바재료소진시 조기마감전메뉴 포장가능#애월맛집#제주맛집#애월읍맛집#애월항맛집#제주애월점심#애월맛집추천#제주애월맛집#애월점심추천#애월밥집#제주현지인맛집#제주도민추천맛집#제주도현지인맛집#도민맛집#제주혼밥#제주시맛집#제주도맛집#금능맛집#한림맛집#협재맛집#협재해수욕장맛집#곽지해수욕장맛집#더럭분교맛집#애월해안도로#제주서쪽맛집#애월데이트코스#새별오름#애월카페,2021-08-19,저 좋아요를 눌러보세, ,"['#애월맛집', '#제주맛집', '#애월읍맛집', '#애월항맛집', '#제주애월점심', '#애월맛집추천', '#제주애월맛집', '#애월점심추천', '#애월밥집', '#제주현지인맛집', '#제주도민추천맛집', '#제주도현지인맛집', '#도민맛집', '#제주혼밥', '#제주시맛집', '#제주도맛집', '#금능맛집', '#한림맛집', '#협재맛집', '#협재해수욕장맛집', '#곽지해수욕장맛집', '#더럭분교맛집', '#애월해안도로', '#제주서쪽맛집', '#애월데이트코스', '#새별오름', '#애월카페']"
제주도에서만 즐길수있는 수제버거 관자스테이크버거 고단백 저칼로리 제주 버거요 미친선셋은 덤입니다,2021-08-19,0, ,[]
제주 인생밥집⠀⠀⠀⠀⠀⠀⠀⠀⠀⠀⠀⠀⠀⠀⠀⠀⠀🕚 OPEN - 11:00⠀⠀⠀⠀⠀⠀⠀⠀⠀⠀⠀⠀🕕 CLOSED - 17:00⠀⠀⠀⠀⠀⠀⠀⠀⠀⠀⠀⠀⠀⠀⠀⠀⠀브레이크타임 없어요.예약은 받지 않고 오시는 순서대로 식사가능 하세요.싱싱한 해물과 신선한 야채로 그날 준비한 재료가 소진되면 조기마감 합니다. ⠀⠀⠀⠀⠀⠀⠀⠀⠀⠀⠀⠀⠀⠀⠀⠀⠀⠀⠀⠀⠀⠀⠀⠀⠀⠀⠀⠀⠀⠀⠀⠀⠀⠀🥣전복해물볶음밥 / 전복물회 / 전복딱새우장 정식⠀⠀⠀⠀⠀⠀⠀⠀⠀⠀⠀⠀⠀⠀⠀⠀⠀사는게니나노 ~ ♬인생밥집010-6501-5073주소는 제주시 한림읍 문교길6 ..⠀⠀⠀⠀⠀⠀⠀⠀⠀⠀⠀⠀⠀⠀⠀⠀⠀🅿️ 무료 공영 주차장 위치!! .⠀⠀⠀⠀⠀⠀⠀⠀⠀⠀⠀⠀⠀⠀⠀⠀⠀🚗 제주시 한림읍 한림리 1197-4🚘 제주시 한림읍 한림리 1198-3🚙 제주시 한림읍 한림리 943-9.걸어서 2분이내 거리에요~♡♡#제주#제주도#jeju#제주살이#제주맛집#제주도맛집#한림맛집#애월맛집#대구#중문맛집#산방산맛집#월정리#신화월드맛집#제주신혼여행#협재해수욕장근처맛집#협재해변#금능해수욕장#좋아요#일상#일상스타그램#먹스타그램#맛스타그램 #전복장 #딱새우장#제주가족여행 #제주우정여행 #제주혼밥 #협재혼밥,2021-08-19,2, ,"['#제주', '#제주도', '#jeju', '#제주살이', '#제주맛집', '#제주도맛집', '#한림맛집', '#애월맛집', '#대구', '#중문맛집', '#산방산맛집', '#월정리', '#신화월드맛집', '#제주신혼여행', '#협재해수욕장근처맛집', '#협재해변', '#금능해수욕장', '#좋아요', '#일상', '#일상스타그램', '#먹스타그램', '#맛스타그램', '#전복장', '#딱새우장', '#제주가족여행', '#제주우정여행', '#제주혼밥', '#협재혼밥']"
#제주 #도민맛집 #국밥 #내장탕 #해장국 #제주도맛집 #먹스타그램 #맛스타그램 #먹깨비 #존맛탱 #속풀이 #맛집 #칼칼 #이집잘하네 #밥집 #국물이끝내줌 #일상스타그램 #인스타그램 #인스타푸드 #맛집탐방 #맛집여행 #맛집추천 #좋아요 #Instagram #foodstagram #jmt #l4l #koreafood #jejuisland #instafood,2021-08-19,5, ,"['#제주', '#도민맛집', '#국밥', '#내장탕', '#해장국', '#제주도맛집', '#먹스타그램', '#맛스타그램', '#먹깨비', '#존맛탱', '#속풀이', '#맛집', '#칼칼', '#이집잘하네', '#밥집', '#국물이끝내줌', '#일상스타그램', '#인스타그램', '#인스타푸드', '#맛집탐방', '#맛집여행', '#맛집추천', '#좋아요', '#Instagram', '#foodstagram', '#jmt', '#l4l', '#koreafood', '#jejuisland', '#instafood']"
이거 먹겠다고 비를 뚫고 요조조행!...#한림카페 #요조조 #바스크치즈케이크 #제주서쪽카페 #꾸르맛 #제주신상카페 #제주여행추천 #얼그레이케이크도존맛탱 #아아메랑찰떡 #피자도핵존맛 #제주도맛집,2021-08-19,2, ,"['#한림카페', '#요조조', '#바스크치즈케이크', '#제주서쪽카페', '#꾸르맛', '#제주신상카페', '#제주여행추천', '#얼그레이케이크도존맛탱', '#아아메랑찰떡', '#피자도핵존맛', '#제주도맛집']"
날씨 굳😎,2021-08-19,14, ,[]
음악이 빵빵~ 제주펍 픽미 좋습니다#픽미펍클럽#제주도클럽#제주클럽#월정리클럽#제주도술집#월정리술집#제주도술집#제주도펍#제주펍#월정리펍#월정리맛집#제주월정리맛집#제주도맛집#제주맛집#제주도술집픽미펍클럽,2021-08-19,1, ,"['#픽미펍클럽', '#제주도클럽', '#제주클럽', '#월정리클럽', '#제주도술집', '#월정리술집', '#제주도술집', '#제주도펍', '#제주펍', '#월정리펍', '#월정리맛집', '#제주월정리맛집', '#제주도맛집', '#제주맛집', '#제주도술집픽미펍클럽']"
"#통발오늘 제가 소개해드릴 맛집은 일식 전문점입니다앞에 바다도 훤히 다 보이고 분위기가 너무 좋아 2번이나 가게 된 맛집이예요정말 전망 뷰 맛집이라고 봐도 될 곳이예요음식은 딱새우회와 회 종류 시켜서 먹어봤었어요딱새우회는 이 날 처음 먹어봤는데 짭쪼름하면서도 싱싱한 맛에 바다바라보며 한라산 소주 한 잔 마시니 최고였어요그리고 딱새우회 다 먹고 나면 새우머리튀김을 따로 만들어줘요이것 또한 너무 맛있었네요옛날에 주안동에서 먹어보고 맛있었던 기억이 나는데 그 생각이 났었어요두번째 갔을때 회 또한 맛있었구요가격은 확실히 저렴한 편은 아니지만, 이렇게 성산일출봉 뷰쪽으로 2층에서 바다 바라보며 맛있는 음식과 소주 한 잔 마시기에는 너무나도 힐링되는 장소예요My evaluation.🙋🏼‍♂️Favor-9.8/10Vibe-10/10Service-9.7/10",2021-08-19,저 좋아요를 눌러보세, ,['#통발오늘']
(광고)정상 영업합니다제주 유일 해산물 모듬장 ♥애월제주다예약하고 꼭 드셔보세요~잊을 수 없는 맛을 선사합니다👍📍제주시 애월읍 하귀2리 2683📞010-3858-9321👉 @jejuaewol_jejuda ✅하루30인분 예약 판매.#애월맛집 #제주공항맛집 #제주공항근처맛집 #애월해안도로맛집 #협재맛집 #제주도맛집 #애월읍맛집 #제주맛집 #외도맛집 #애월카페 #제주카페,2021-08-19,113, ,"['#애월맛집', '#제주공항맛집', '#제주공항근처맛집', '#애월해안도로맛집', '#협재맛집', '#제주도맛집', '#애월읍맛집', '#제주맛집', '#외도맛집', '#애월카페', '#제주카페']"
가족끼리 또 오자고해서 왔는데 역시나 마음에 드네요. 갈치구이에 고소한 맛 잊지못하겠어요#서귀포맛집 #색달식당중문본점#서귀포통갈치조림#제주맛집#중문맛집#제주중문맛집#중문맛집색달식당/#제주도여행#제주갈치조림#제주도맛집#제주갈치조림맛집,2021-08-19,저 좋아요를 눌러보세, ,"['#서귀포맛집', '#색달식당중문본점', '#서귀포통갈치조림', '#제주맛집', '#중문맛집', '#제주중문맛집', '#중문맛집색달식당/', '#제주도여행', '#제주갈치조림', '#제주도맛집', '#제주갈치조림맛집']"
#제주도맛집드디어 연돈먹었다.맛있다 나는 카레가 제일 맛있었다😁 #연돈#먹스타그램,2021-08-19,20, ,"['#제주도맛집드디어', '#연돈', '#먹스타그램']"
서귀포에 가면 꼭 가봐야 할 맛집 🌿...#취향의섬 #서귀포맛집 #제주도맛집 #취섬치즈샐러드 #오디에이드 #꿀혜향주스 #에그인헬 #흑임자크림파스타 #옥감자춘권 #오믈렛치즈김치볶음밥 #번창하세요,2021-08-19,3, ,"['#취향의섬', '#서귀포맛집', '#제주도맛집', '#취섬치즈샐러드', '#오디에이드', '#꿀혜향주스', '#에그인헬', '#흑임자크림파스타', '#옥감자춘권', '#오믈렛치즈김치볶음밥', '#번창하세요']"
"제주도 이색체험 카페☕️ 드로잉, 수채화, 에코백 그리기 체험할수있어요#에곤카페 는 오스트리아 화가 에곤쉴레가그림작업을 하던 작업실 컨셉 분위기에요카페 내부에서 느낌있는 소울 R&B 째즈음악 들으며 디저트, 커피,음료,맥주를 즐기며 마실수 있는 이색적인 공간입니다🕰하절기 영업시간 11:00~20:00매주 수요일 휴무입니다주소: 서귀포시 성산읍 신고로52-18..ㄷ#성산카페 #제주성산카페 #애월카페 #제주도카페추천 #제주카페추천 #협재카페 #제주여행추천 #제주가볼만한곳추천 #중문카페 #서귀포카페 #구좌읍카페 #함덕카페 #제주가볼만한곳 #세화카페 #종달리카페 #제주도가볼만한곳 #우도카페 #새별오름 #산방산 #제주맛집 #제주도맛집 #섭지코지 #광치기해변 #우도 #빛의벙커 #비자림 #제주신상카페 #제주도여행 #제주여행",2021-08-19,2, ,"['#에곤카페', '#성산카페', '#제주성산카페', '#애월카페', '#제주도카페추천', '#제주카페추천', '#협재카페', '#제주여행추천', '#제주가볼만한곳추천', '#중문카페', '#서귀포카페', '#구좌읍카페', '#함덕카페', '#제주가볼만한곳', '#세화카페', '#종달리카페', '#제주도가볼만한곳', '#우도카페', '#새별오름', '#산방산', '#제주맛집', '#제주도맛집', '#섭지코지', '#광치기해변', '#우도', '#빛의벙커', '#비자림', '#제주신상카페', '#제주도여행', '#제주여행']"
"제주도 이색체험 카페☕️ 드로잉, 수채화, 에코백 그리기 체험할수있어요#에곤카페 는 오스트리아 화가 에곤쉴레가그림작업을 하던 작업실 컨셉 분위기에요카페 내부에서 느낌있는 소울 R&B 째즈음악 들으며 디저트, 커피,음료,맥주를 즐기며 마실수 있는 이색적인 공간입니다🕰하절기 영업시간 11:00~20:00매주 수요일 휴무입니다주소: 서귀포시 성산읍 신고로52-18..ㄷ#성산카페 #제주성산카페 #애월카페 #제주도카페추천 #제주카페추천 #협재카페 #제주여행추천 #제주가볼만한곳추천 #중문카페 #서귀포카페 #구좌읍카페 #함덕카페 #제주가볼만한곳 #세화카페 #종달리카페 #제주도가볼만한곳 #우도카페 #새별오름 #산방산 #제주맛집 #제주도맛집 #섭지코지 #광치기해변 #우도 #빛의벙커 #비자림 #제주신상카페 #제주도여행 #제주여행",2021-08-19,저 좋아요를 눌러보세, ,"['#에곤카페', '#성산카페', '#제주성산카페', '#애월카페', '#제주도카페추천', '#제주카페추천', '#협재카페', '#제주여행추천', '#제주가볼만한곳추천', '#중문카페', '#서귀포카페', '#구좌읍카페', '#함덕카페', '#제주가볼만한곳', '#세화카페', '#종달리카페', '#제주도가볼만한곳', '#우도카페', '#새별오름', '#산방산', '#제주맛집', '#제주도맛집', '#섭지코지', '#광치기해변', '#우도', '#빛의벙커', '#비자림', '#제주신상카페', '#제주도여행', '#제주여행']"
"제주도 이색체험 카페☕️ 드로잉, 수채화, 에코백 그리기 체험할수있어요#에곤카페 는 오스트리아 화가 에곤쉴레가그림작업을 하던 작업실 컨셉 분위기에요카페 내부에서 느낌있는 소울 R&B 째즈음악 들으며 디저트, 커피,음료,맥주를 즐기며 마실수 있는 이색적인 공간입니다🕰하절기 영업시간 11:00~20:00매주 수요일 휴무입니다주소: 서귀포시 성산읍 신고로52-18..ㄷ#성산카페 #제주성산카페 #애월카페 #제주도카페추천 #제주카페추천 #협재카페 #제주여행추천 #제주가볼만한곳추천 #중문카페 #서귀포카페 #구좌읍카페 #함덕카페 #제주가볼만한곳 #세화카페 #종달리카페 #제주도가볼만한곳 #우도카페 #새별오름 #산방산 #제주맛집 #제주도맛집 #섭지코지 #광치기해변 #우도 #빛의벙커 #비자림 #제주신상카페 #제주도여행 #제주여행",2021-08-19,저 좋아요를 눌러보세, ,"['#에곤카페', '#성산카페', '#제주성산카페', '#애월카페', '#제주도카페추천', '#제주카페추천', '#협재카페', '#제주여행추천', '#제주가볼만한곳추천', '#중문카페', '#서귀포카페', '#구좌읍카페', '#함덕카페', '#제주가볼만한곳', '#세화카페', '#종달리카페', '#제주도가볼만한곳', '#우도카페', '#새별오름', '#산방산', '#제주맛집', '#제주도맛집', '#섭지코지', '#광치기해변', '#우도', '#빛의벙커', '#비자림', '#제주신상카페', '#제주도여행', '#제주여행']"
애월 로드129성게크림파스타흑돼지 멘치카츠흑돼지 치즈돈까스흑돼지 고구마치즈돈까스흑돼지 수제돈까스해물야끼소바재료소진시 조기마감전메뉴 포장가능#애월맛집#제주맛집#애월읍맛집#애월항맛집#제주애월점심#애월맛집추천#제주애월맛집#애월점심추천#애월밥집#제주현지인맛집#제주도민추천맛집#제주도현지인맛집#도민맛집#제주혼밥#제주시맛집#제주도맛집#금능맛집#한림맛집#협재맛집#협재해수욕장맛집#곽지해수욕장맛집#더럭분교맛집#애월해안도로#제주서쪽맛집#애월데이트코스#새별오름#애월카페#제주데이트코스,2021-08-19,저 좋아요를 눌러보세, ,"['#애월맛집', '#제주맛집', '#애월읍맛집', '#애월항맛집', '#제주애월점심', '#애월맛집추천', '#제주애월맛집', '#애월점심추천', '#애월밥집', '#제주현지인맛집', '#제주도민추천맛집', '#제주도현지인맛집', '#도민맛집', '#제주혼밥', '#제주시맛집', '#제주도맛집', '#금능맛집', '#한림맛집', '#협재맛집', '#협재해수욕장맛집', '#곽지해수욕장맛집', '#더럭분교맛집', '#애월해안도로', '#제주서쪽맛집', '#애월데이트코스', '#새별오름', '#애월카페', '#제주데이트코스']"
친구는 정말 오랜만에 만났는데도 어제 만난 것 같은 사람이 아닐까..고산리 맛집 투어시작.#빠른치킨 #12분치킨 #고산리맛집 #한경면맛집 #제주맛집 #제주도맛집 #튀김맛집 #문어가라아게 #찍어먹는치킨 #생맥주맛집 #제주살이 #제주한달살이 #제주한달살아보기 #5년차한달살이 #제주이민 #제주서쪽맛집 #제주서부맛집,2021-08-19,3, ,"['#빠른치킨', '#12분치킨', '#고산리맛집', '#한경면맛집', '#제주맛집', '#제주도맛집', '#튀김맛집', '#문어가라아게', '#찍어먹는치킨', '#생맥주맛집', '#제주살이', '#제주한달살이', '#제주한달살아보기', '#5년차한달살이', '#제주이민', '#제주서쪽맛집', '#제주서부맛집']"
"☀제주의 멋과 맛을 모두 즐기시고 싶다면➩✨제주여행의 후회없는 선택➀제주공항 근처 바닷가 바로 앞 풍경맛집➁해녀가 직접 채집하는제주보말, 제주돼지, 제주비트를 재료로 하는 건강맛집 [한라진칼국수]입니다.✅OPEN 9:00✅CLOSE 16:00✅매주 월요일 정기휴무✈제주시 테우해안로32☏TEL 064.711.8525#한라진칼국수 #제주맛집 #제주맛집추천 #제주도맛집 #제주도맛집추천 #제주공항맛집 #제주공항근처맛집 #보말칼국수 #보말칼국수맛집 #제주보말칼국수 #제주보말칼국수맛집 #돔베고기 #제주가족여행 #제주데이트 #제주점심 #제주도민맛집 #이호테우해변맛집 #애월맛집 #애월해안도로맛집 #제주오션뷰맛집 #함덕맛집 #성산일출봉맛집 #협재맛집 #곽지맛집 #한담맛집 #한림맛집 #제주도여행 #제주여행 #제주핫플 #제주아침식사",2021-08-19,2, ,"['#한라진칼국수', '#제주맛집', '#제주맛집추천', '#제주도맛집', '#제주도맛집추천', '#제주공항맛집', '#제주공항근처맛집', '#보말칼국수', '#보말칼국수맛집', '#제주보말칼국수', '#제주보말칼국수맛집', '#돔베고기', '#제주가족여행', '#제주데이트', '#제주점심', '#제주도민맛집', '#이호테우해변맛집', '#애월맛집', '#애월해안도로맛집', '#제주오션뷰맛집', '#함덕맛집', '#성산일출봉맛집', '#협재맛집', '#곽지맛집', '#한담맛집', '#한림맛집', '#제주도여행', '#제주여행', '#제주핫플', '#제주아침식사']"
"어제, 오늘 점심은 소섬전복의전복뚝배기, 전복물회아이들은전복버터구이와 전복성게미역국 반복♡작년에 처음 맛보고 반한 곳♡#우도맛집 #우도맛집추천#제주도맛집",2021-08-19,1, ,"['#우도맛집', '#우도맛집추천', '#제주도맛집']"
광고)제주공항에서 진~짜가깝고 개별룸이 많아서 더 좋고맛있는 도민맛집으로유명한 '연동대게회타운'낮2시부터 ~ 라스트오더는 밤 12시까지개인룸에서 맘편하게 먹자!!🙊이야.. 살이 꽉 차있네소리가 절로나오는탱글 쫄깃한💦속살에⠀녹~찐한 내장까지증말 스릉흔다❤❤⠀밑반찬 구성도푸짐하니 다양하게즐길 수 있어 좋고!⠀살이꽉찬 대게&킹크랩 맛집👏⠀개별룸 형식으로걱정🙅 ♀없이 먹는'연동대게회타운'⠀<연동대게회타운>*제주 제주시 신대로 125*064-903-1889#제주맛집 #제주도맛집#제주공항근처맛집#제주골프 #제주도골프#제주여행 #제주도여행#제주 #제주도 #제주시맛집 #제주시 #제주도민맛집 #제주공항 #제주도공항,2021-08-19,0, ,"['#제주맛집', '#제주도맛집', '#제주공항근처맛집', '#제주골프', '#제주도골프', '#제주여행', '#제주도여행', '#제주', '#제주도', '#제주시맛집', '#제주시', '#제주도민맛집', '#제주공항', '#제주도공항']"
sns에서 유명한 제주도의 바다해찬해녀들이 직접 잡아온 신선한 재료들로요리를 바로 한다죠? 저도 가보았습니다.말이 필요없어요! ....#제주뿔소라#제주딱새우#애월맛집#제주도맛집#제주해물뚝배기#제주맛집바다해찬#협재맛집#금능맛집#한림맛집#서귀포맛집,2021-08-19,저 좋아요를 눌러보세, ,"['#제주뿔소라', '#제주딱새우', '#애월맛집', '#제주도맛집', '#제주해물뚝배기', '#제주맛집바다해찬', '#협재맛집', '#금능맛집', '#한림맛집', '#서귀포맛집']"
애월 로드129성게크림파스타흑돼지 멘치카츠흑돼지 치즈돈까스흑돼지 고구마치즈돈까스흑돼지 수제돈까스해물야끼소바재료소진시 조기마감전메뉴 포장가능#애월맛집#제주맛집#애월읍맛집#애월항맛집#제주애월점심#애월맛집추천#제주애월맛집#애월점심추천#애월밥집#제주현지인맛집#제주도민추천맛집#제주도현지인맛집#도민맛집#제주혼밥#제주시맛집#제주도맛집#제주도민맛집#금능맛집#한림맛집#협재맛집#협재해수욕장맛집#곽지해수욕장맛집#더럭분교맛집#애월해안도로#제주서쪽맛집#애월데이트코스#새별오름#애월카페#제주데이트코스,2021-08-19,저 좋아요를 눌러보세, ,"['#애월맛집', '#제주맛집', '#애월읍맛집', '#애월항맛집', '#제주애월점심', '#애월맛집추천', '#제주애월맛집', '#애월점심추천', '#애월밥집', '#제주현지인맛집', '#제주도민추천맛집', '#제주도현지인맛집', '#도민맛집', '#제주혼밥', '#제주시맛집', '#제주도맛집', '#제주도민맛집', '#금능맛집', '#한림맛집', '#협재맛집', '#협재해수욕장맛집', '#곽지해수욕장맛집', '#더럭분교맛집', '#애월해안도로', '#제주서쪽맛집', '#애월데이트코스', '#새별오름', '#애월카페', '#제주데이트코스']"
"(광고)지만 도민들도 즐겨찾고 너무나 유명한 고등어회맛집 ""원담""살아있는 고등어는 비릴수가없다!🐟신선도 끝판왕 원담 고등어회!👍탱글탱글한 식감과 일반횟감에선느낄수없는 고소함까지 완벽!😍김 위에 밥과,야채를 올리고 전용소스에 고등어를 푹찍어서~❣함께 싸먹으면 감칠맛 폭발하는별미중에 별미💕💕❤원담📕제주 제주시 동광로1길 13📞064-900-0211#제주맛집 #제주도맛집#제주시청맛집#동문시장맛집 #제주회포장#제주시횟집#제주탑동맛집 #제주용두암맛집#제주칼호텔맛집 #무지개해안도로#제주도고등어회#제주도고등어회맛집#제주고등어회#제주고등어회맛집",2021-08-19,저 좋아요를 눌러보세, ,"['#제주맛집', '#제주도맛집', '#제주시청맛집', '#동문시장맛집', '#제주회포장', '#제주시횟집', '#제주탑동맛집', '#제주용두암맛집', '#제주칼호텔맛집', '#무지개해안도로', '#제주도고등어회', '#제주도고등어회맛집', '#제주고등어회', '#제주고등어회맛집']"
카라바오 망고라고 기네스 북에올라간 최고 맛있는 망고~~!!인생망고 맛집 드디어 찾았네🤭하와이풍의 인테리어로 해외에와있는 기분 물씬나는 곳🌴☆ 제주시 한경면 녹차분재로 354 (할로비치)#제주카페 #제주도카페 #제주도맛집 #제주맛집 #제주카페추천 #제주도카페추천 #제주도맛집추천 #제주맛집추천 #제주망고맛집 #인생망고 #망고추천,2021-08-19,2, ,"['#제주카페', '#제주도카페', '#제주도맛집', '#제주맛집', '#제주카페추천', '#제주도카페추천', '#제주도맛집추천', '#제주맛집추천', '#제주망고맛집', '#인생망고', '#망고추천']"
애월 로드129성게크림파스타흑돼지 멘치카츠흑돼지 치즈돈까스흑돼지 고구마치즈돈까스흑돼지 수제돈까스해물야끼소바재료소진시 조기마감전메뉴 포장가능#애월맛집#제주맛집#애월읍맛집#애월항맛집#제주애월점심#애월맛집추천#제주애월맛집#애월점심추천#애월밥집#제주현지인맛집#제주도민추천맛집#제주도현지인맛집#도민맛집#제주혼밥#제주시맛집#제주도맛집#제주도민맛집#금능맛집#한림맛집#협재맛집#협재해수욕장맛집#곽지해수욕장맛집#더럭분교맛집#애월해안도로#제주서쪽맛집#애월데이트코스#새별오름#애월카페#제주데이트코스,2021-08-19,저 좋아요를 눌러보세, ,"['#애월맛집', '#제주맛집', '#애월읍맛집', '#애월항맛집', '#제주애월점심', '#애월맛집추천', '#제주애월맛집', '#애월점심추천', '#애월밥집', '#제주현지인맛집', '#제주도민추천맛집', '#제주도현지인맛집', '#도민맛집', '#제주혼밥', '#제주시맛집', '#제주도맛집', '#제주도민맛집', '#금능맛집', '#한림맛집', '#협재맛집', '#협재해수욕장맛집', '#곽지해수욕장맛집', '#더럭분교맛집', '#애월해안도로', '#제주서쪽맛집', '#애월데이트코스', '#새별오름', '#애월카페', '#제주데이트코스']"
뱅기 타기전에 꼭 한번씩 들려줘야하는 타르트 맛집 !!!!!공항근처라 랜트 반납하기전에 들려줘야징 ㅎㅎㅎ #제주도카페#제주도맛집 #제주핫플 #제주공항근처카페 #jeju#jejudo #제주타르트 #제주맛집 #제주카페#타르트맛집 #제주도여행 #제주공항카페 #섬타르#제주선물 #제주카페투어 #제주도카페추천 #제주도타르트#제주도카페맛집#제주섬타르왔어요#제주시카페#제주공항근처맛집#제주도여행#맛팔가요#맞팔해요#좋아요굿#댓글반사#맞팔은댓#댓글스타그램,2021-08-19,3, ,"['#제주도카페', '#제주도맛집', '#제주핫플', '#제주공항근처카페', '#jeju', '#jejudo', '#제주타르트', '#제주맛집', '#제주카페', '#타르트맛집', '#제주도여행', '#제주공항카페', '#섬타르', '#제주선물', '#제주카페투어', '#제주도카페추천', '#제주도타르트', '#제주도카페맛집', '#제주섬타르왔어요', '#제주시카페', '#제주공항근처맛집', '#제주도여행', '#맛팔가요', '#맞팔해요', '#좋아요굿', '#댓글반사', '#맞팔은댓', '#댓글스타그램']"
(광고) 지만 누가 봐도 너무 예쁜 달빛제주 자체 제작 무드등과 캔들은 사진보다 실제가 훨씬 예쁘다는게 함정🤭 소품샵을 겸한 카페여서 구경하는 재미까지!👍 맛난 제주 시그니처 음료와 애월바다 그리고 제주감성을 달빛제주에서 만나보세요😄.@dalbit_jeju <--달빛제주 인스타그램 바로가기.제주시 애월읍 애월해안로 929 (2층)010-2851-2214..#제주맛집#제주도맛집#제주카페#제주도카페#제주가볼만한곳#제주핫플레이스#한담해변#제주핫플카페#제주도핫플#제주선물#제주도선물#제주도소품샵,2021-08-19,1, ,"['#제주맛집', '#제주도맛집', '#제주카페', '#제주도카페', '#제주가볼만한곳', '#제주핫플레이스', '#한담해변', '#제주핫플카페', '#제주도핫플', '#제주선물', '#제주도선물', '#제주도소품샵']"
광고)제주공항에서 진~짜가깝고 개별룸이 많아서 더 좋고맛있는 도민맛집으로유명한 '연동대게회타운'낮2시부터 ~ 라스트오더는 밤 12시까지개인룸에서 맘편하게 먹자!!🙊이야.. 살이 꽉 차있네소리가 절로나오는탱글 쫄깃한💦속살에⠀녹~찐한 내장까지증말 스릉흔다❤❤⠀밑반찬 구성도푸짐하니 다양하게즐길 수 있어 좋고!⠀살이꽉찬 대게&킹크랩 맛집👏⠀개별룸 형식으로걱정🙅 ♀없이 먹는'연동대게회타운'⠀<연동대게회타운>*제주 제주시 신대로 125*064-903-1889#제주맛집 #제주도맛집#제주공항근처맛집#제주골프 #제주도골프#제주여행 #제주도여행#제주 #제주도 #제주시맛집 #제주시 #제주도민맛집 #제주공항 #제주도공항,2021-08-19,2, ,"['#제주맛집', '#제주도맛집', '#제주공항근처맛집', '#제주골프', '#제주도골프', '#제주여행', '#제주도여행', '#제주', '#제주도', '#제주시맛집', '#제주시', '#제주도민맛집', '#제주공항', '#제주도공항']"
"짠~~ 제주도 도착했어요~💃도착하자마자 맛집부터 들렀구요비가. . . . .옵니다 😅 ㅋ ㅋㅋ ㅋ 역시 반전은 없었네요그래도 뭐 운치도 있고 갈치조림까지 딱  좋죠?그간 열심히 다이어트 해왔는데조각미남이 걱정되는지 옆에서적당히~ 적당히 말려주고있어요저는 액티컷 커팅제 두번씩 먹어요🤗🔸액티컷,디펜핏 구매 잘하셨죠?워낙 인기쟁이지만첫구매자분들이 있어서 설명도 해드려야하는데아묻따 하셔도 되는 제품들이니 구매하시고 잠시 기다려주세요^^🔸선패치,한끼쉑끼도 차례로 오픈되고 있으니찾으셨던분들은 구매하시구요👱🏻‍♀️이제 펜션 가서 또 이곳상황 알려드릴게요~^^#제주도#갈치조림#맛집#논짓물#제주도맛집#여행",2021-08-19,108, ,"['#제주도', '#갈치조림', '#맛집', '#논짓물', '#제주도맛집', '#여행']"
Purple Moss VintageSummer White Lace Jumpsuit——————————————가슴밴딩 : 39cm (늘렸을때 51cm)총장 : 126cm허리단면 : 46cm 새하얀 화이트에 레이스 패턴인 점프수트 입니다 :)상의부분은 그간 제가 업로드 해온 섬머원피스와 동일합니다 :)가슴밴딩 제품이며 끈 조절도 가능하구요 ㅎ안감이 있는 제품이여서 비침 걱정은 안하셔도 좋을 것 같습니다😊*모든 문의는 DM으로 문의주세요:)*12:00 ~ 20:00(21:00)Mon ~ Sun제주시 애월읍 하귀로 53수입빈티지샵 퍼플모스Country Origin : EU / US / ASIA,2021-08-19,16, ,[]
제주 인생밥집⠀⠀⠀⠀⠀⠀⠀⠀⠀⠀⠀⠀⠀⠀⠀⠀⠀🕚 OPEN - 11:00⠀⠀⠀⠀⠀⠀⠀⠀⠀⠀⠀⠀🕕 CLOSED - 17:00⠀⠀⠀⠀⠀⠀⠀⠀⠀⠀⠀⠀⠀⠀⠀⠀⠀브레이크타임 없어요.⠀⠀⠀⠀⠀⠀⠀⠀⠀⠀⠀⠀⠀⠀⠀⠀⠀예약은 받지 않고 오시는 순서대로 식사가능 하세요.⠀⠀⠀⠀⠀⠀⠀⠀⠀⠀⠀⠀⠀⠀⠀⠀⠀싱싱한 해물과 신선한 야채로 그날 준비한 재료가 소진되면 조기마감 합니다. ⠀⠀⠀⠀⠀⠀⠀⠀⠀⠀⠀⠀⠀⠀⠀⠀⠀⠀⠀⠀⠀⠀⠀⠀⠀⠀⠀⠀⠀⠀⠀⠀⠀⠀🥣전복해물볶음밥 / 전복물회 / 전복딱새우장 정식⠀⠀⠀⠀⠀⠀⠀⠀⠀⠀⠀⠀⠀⠀⠀⠀⠀사는게니나노 ~ ♬인생밥집 010-6501-5073주소는 제주시 한림읍 문교길6 ..⠀⠀⠀⠀⠀⠀⠀⠀⠀⠀⠀⠀⠀⠀⠀⠀⠀🅿️ 무료 공영 주차장 위치!! .⠀⠀⠀⠀⠀⠀⠀⠀⠀⠀⠀⠀⠀⠀⠀⠀⠀🚗 제주시 한림읍 한림리 1197-4🚘 제주시 한림읍 한림리 1198-3🚙 제주시 한림읍 한림리 943-9.걸어서 2분이내 거리에요~♡♡#제주#제주도#jeju#제주살이#제주맛집#제주도맛집#한림맛집#애월맛집#대구#중문맛집#산방산맛집#월정리#신화월드맛집#제주신혼여행#협재해수욕장근처맛집#협재해변#금능해수욕장#좋아요#일상#일상스타그램#먹스타그램#맛스타그램 #전복장 #딱새우장#제주가족여행 #제주우정여행 #제주혼밥 #협재혼밥,2021-08-19,7, ,"['#제주', '#제주도', '#jeju', '#제주살이', '#제주맛집', '#제주도맛집', '#한림맛집', '#애월맛집', '#대구', '#중문맛집', '#산방산맛집', '#월정리', '#신화월드맛집', '#제주신혼여행', '#협재해수욕장근처맛집', '#협재해변', '#금능해수욕장', '#좋아요', '#일상', '#일상스타그램', '#먹스타그램', '#맛스타그램', '#전복장', '#딱새우장', '#제주가족여행', '#제주우정여행', '#제주혼밥', '#협재혼밥']"
.제주 핫플레이스 콧수염 카페 😊여심 저격 피크닉옥상 빈백 정원월정 바다가 한눈에 들어오는 야외 테라스바다 뷰와 편안한 빈백 소파까지 준비되어 있어요 ☕️🧺🐕제주시 구좌읍 해맞이해안로 406 카페콧수염070-4131-8880예쁜 사진 남겨주셔서 감사합니다 🌷방문해주신 모든 분들께 감사드립니다#제주월정리카페 #제주도맛집 #제주 #제주도카페 #제주카페투어 #월정리카페 #제주맛집 #제주도여행 #월정리해수욕장 #제주해안도로 #월정리콧수염 #월정리카페콧수염 #제주도마카롱 #구좌읍맛집 #구좌읍카페 #함덕카페 #월정리 #성산카페 #공항근처맛집 #구좌읍 #제주카페 #제주시카페 #제주월정리 #제주마카롱맛집 #제주여행 #월정리맛집 #제주도민맛집 #제주도 #성산일출봉맛집 #함덕맛집,2021-08-19,3, ,"['#제주월정리카페', '#제주도맛집', '#제주', '#제주도카페', '#제주카페투어', '#월정리카페', '#제주맛집', '#제주도여행', '#월정리해수욕장', '#제주해안도로', '#월정리콧수염', '#월정리카페콧수염', '#제주도마카롱', '#구좌읍맛집', '#구좌읍카페', '#함덕카페', '#월정리', '#성산카페', '#공항근처맛집', '#구좌읍', '#제주카페', '#제주시카페', '#제주월정리', '#제주마카롱맛집', '#제주여행', '#월정리맛집', '#제주도민맛집', '#제주도', '#성산일출봉맛집', '#함덕맛집']"
문어친구 미안해....😭#제주도맛집,2021-08-19,6, ,['#제주도맛집']
"🍒< 할로비치 >인친님들 , 안녕하세요 비글맘이에여😊제주도는 관광지답게 참 카페가 많죠???ㅎㅎ진짜 한집 건너 한집이 카페일 정도로보기 쉽고 찾기 쉬운게 카페인것 같아요 요즘은 ㅎㅎ그런 제주도에 유명한 망고전문점이 있다해서요~#제주도카페 한곳 추천해드릴께요ㅎㅎ일단 망고는 진짜 한번도 안먹어본 사람은 있어도한번만 먹어본 사람은 없다쥬ㅋㅋㅋ일단 외관부터 넘나 하와이스러워요😍제가 신혼여행을 하와이로 갔다왔거든여 ㅎㅎ여긴 진짜 현지 하와이풍으로 꾸며져있다보니하와이에서 먹는 느낌이 들어서 더 좋았던것 같아요ㅎ거기다 특이하게 여기는 '카라바오망고'를 쓴대요ㅎ카라바오망고는 기네스북에 올라갈정도로당도도 높고 맛있는 최고 망고래요ㅎ카라바오로 만든 주스,아이스크림이 있는데둘다 진짜 달고 맛있어요! 근뎅 개인적으로 저는 아이스크림으로 먹을때 참 매력있었던것 같아요ㅎ그리고 매장에 동물 친구들이 많아서 아이들과 방문해 특별한 추억을 남겨줄수있는 곳이에요ㅎ연인들 데이트 코스 ,힐링 여행으로도 최고 !💙커피와 카페인섭취에 지친 분들 , 임산부분들은건강한 쥬스와 아이스크림드시고 힐링하시고 오시길🙋🏻‍♀️ 📣▪️할로비치▪️주소 : 제주시 한경면 녹차분재로 354..#제주카페 #제주도카페 #제주도맛집 #제주맛집 #제주카페추천 #제주도카페추천 #제주도맛집추천 #제주맛집추천 #망고카페추천 #제주망고카페 #제주할로비치",2021-08-19,1, ,"['#제주도카페', '#제주카페', '#제주도카페', '#제주도맛집', '#제주맛집', '#제주카페추천', '#제주도카페추천', '#제주도맛집추천', '#제주맛집추천', '#망고카페추천', '#제주망고카페', '#제주할로비치']"
오늘 제주도 마지막날ㅠㅠ마지막 식사는 공항근처 #제주분식 에서 #제주현지인맛집#제주맛집#제주도맛집#제주공항맛집#연동맛집#연동제주분식#제주도공항근처맛집#제주도여행#제주가볼만한곳#노형동맛집,2021-08-19,저 좋아요를 눌러보세, ,"['#제주분식', '#제주현지인맛집', '#제주맛집', '#제주도맛집', '#제주공항맛집', '#연동맛집', '#연동제주분식', '#제주도공항근처맛집', '#제주도여행', '#제주가볼만한곳', '#노형동맛집']"
제주도에서 가장 맛있는버거!할렘버거!할렘버거세트 13.9할렘갈릭버거세트 14.9할렘버거 9.9할렘갈릭버거 10.9포장도 ok!!.....#할렘버거 #제주도할렘버거 #서귀포할렘버거 #음식 #먹스타그램 #먹방 #food #hamburg#제주도버거 #제주도수제버거 #제주버거 #제주도햄버거 #서귀포버거 #서귀포수제버거 #서귀포햄버거 #제주도맛집 #제주도여행 #서귀포맛집 #서귀포카페 #제주도카페 #제주도가볼만한곳 #제주도 #제주핫플,2021-08-19,13, ,"['#할렘버거', '#제주도할렘버거', '#서귀포할렘버거', '#음식', '#먹스타그램', '#먹방', '#food', '#hamburg', '#제주도버거', '#제주도수제버거', '#제주버거', '#제주도햄버거', '#서귀포버거', '#서귀포수제버거', '#서귀포햄버거', '#제주도맛집', '#제주도여행', '#서귀포맛집', '#서귀포카페', '#제주도카페', '#제주도가볼만한곳', '#제주도', '#제주핫플']"
애월 로드129성게크림파스타흑돼지 멘치카츠흑돼지 치즈돈까스흑돼지 고구마치즈돈까스흑돼지 수제돈까스해물야끼소바재료소진시 조기마감전메뉴 포장가능#애월맛집#제주맛집#애월읍맛집#애월항맛집#제주애월점심#애월맛집추천#제주애월맛집#애월점심추천#애월밥집#제주현지인맛집#제주도민추천맛집#제주도현지인맛집#도민맛집#제주혼밥#제주시맛집#제주도맛집#제주도민맛집#금능맛집#한림맛집#협재맛집#협재해수욕장맛집#곽지해수욕장맛집#더럭분교맛집#애월해안도로#제주서쪽맛집#애월데이트코스#새별오름#애월카페#제주데이트코스,2021-08-19,저 좋아요를 눌러보세, ,"['#애월맛집', '#제주맛집', '#애월읍맛집', '#애월항맛집', '#제주애월점심', '#애월맛집추천', '#제주애월맛집', '#애월점심추천', '#애월밥집', '#제주현지인맛집', '#제주도민추천맛집', '#제주도현지인맛집', '#도민맛집', '#제주혼밥', '#제주시맛집', '#제주도맛집', '#제주도민맛집', '#금능맛집', '#한림맛집', '#협재맛집', '#협재해수욕장맛집', '#곽지해수욕장맛집', '#더럭분교맛집', '#애월해안도로', '#제주서쪽맛집', '#애월데이트코스', '#새별오름', '#애월카페', '#제주데이트코스']"
제주시 영평동 회심.전에 갔을때보다 사람이 더 많아짐참다랑어참깨소바+톳유부초밥 시켰는데 참다랑어보단 고등어가 좋았던거 같음 ㅎㅎ;; 유부초밥은 맛있었음#회심 #제주시맛집 #제주도맛집 #소바맛집 #참다랑어참깨소바 #톳유부초밥,2021-08-19,11, ,"['#회심', '#제주시맛집', '#제주도맛집', '#소바맛집', '#참다랑어참깨소바', '#톳유부초밥']"
"#달달한밤오늘 제가 소개해드릴 맛집은 닭도리탕이 맛있는 술집입니다맨 처음에 혼술하러 갔다가 분위기도 좋구 가게에서 키우는 강아지(오월이)가 보고 싶어서 자주 가게 된 술집인데요그렇게 혼자서도 가기도 하고 친구들이랑도 여러번 갔던 술집이예요가게 분위기는 깔끔하고 음악도 제가 좋아하는 발라드가 나와서 좋았어요또 2층에 위치하다보니 비올때면 창밖에 비내리는걸 바라보며 소주 한 잔하기에도 딱 좋은 공간이네요안주도 다양하게 많이 파는데, 정말 안주가 하나하나 다 맛있었어요 개인적으론 닭도리탕이 제일 맛있었던걸로 기억에 남네요간도 적당하고, 적당히 매콤함에 닭과 잘어우려져 맛있었어요성산에서 술 마시러 간다고 하면 딱 최적화된 장소라고 생각이 들어서 추천해요특히 오월이 또 보러가고 싶네요My evaluation.🙋🏻‍♂️Favor-9.5/10Vibe-9.3/10Service-9.7/10",2021-08-19,2, ,['#달달한밤오늘']
월정리 유메이우동소고기우동 곱창우동 찐맛집!#제주맛집#제주도민맛집#제주도맛집#제주월정리맛집#월정리맛집#구좌맛집#제주성산맛집#제주살이#제주한달살기#제주구좌맛집#유메이우동#제주유메이우동#곱창우동#소고기우동#카레우동#데일리#금요일#제주여행#제주여행코스#애월맛집#함덕맛집#제주함덕맛집#제주애월맛집#한림맛집,2021-08-19,1, ,"['#제주맛집', '#제주도민맛집', '#제주도맛집', '#제주월정리맛집', '#월정리맛집', '#구좌맛집', '#제주성산맛집', '#제주살이', '#제주한달살기', '#제주구좌맛집', '#유메이우동', '#제주유메이우동', '#곱창우동', '#소고기우동', '#카레우동', '#데일리', '#금요일', '#제주여행', '#제주여행코스', '#애월맛집', '#함덕맛집', '#제주함덕맛집', '#제주애월맛집', '#한림맛집']"
#맛스타그램촵촵 #맛있당 #먹고파 #제주여행 #미용 #밤참 #먹스타그램꿈나무 #제주도맛집 #셀피스타그램 #강남맛집 #꿀꺽 #창원맛집 #남포동맛집 #범어동맛집 #반찬 #여의도맛집 #맛난다그램,2021-08-19,저 좋아요를 눌러보세, ,"['#맛스타그램촵촵', '#맛있당', '#먹고파', '#제주여행', '#미용', '#밤참', '#먹스타그램꿈나무', '#제주도맛집', '#셀피스타그램', '#강남맛집', '#꿀꺽', '#창원맛집', '#남포동맛집', '#범어동맛집', '#반찬', '#여의도맛집', '#맛난다그램']"
고생한 내시끼 맛있게 드시개🧡,2021-08-19,14, ,[]
처서가 임박했습니다올 여름 마지막 콩국수가 아닐까요,2021-08-19,17, ,[]
애월 로드129성게크림파스타흑돼지 멘치카츠흑돼지 치즈돈까스흑돼지 고구마치즈돈까스흑돼지 수제돈까스해물야끼소바재료소진시 조기마감전메뉴 포장가능#애월맛집#제주맛집#애월읍맛집#애월항맛집#제주애월점심#애월맛집추천#제주애월맛집#애월점심추천#애월밥집#제주현지인맛집#제주도민추천맛집#제주도현지인맛집#도민맛집#제주혼밥#제주시맛집#제주도맛집#제주도민맛집#금능맛집#한림맛집#협재맛집#협재해수욕장맛집#곽지해수욕장맛집#더럭분교맛집#애월해안도로#제주서쪽맛집#애월데이트코스#새별오름#애월카페#제주데이트코스,2021-08-19,1, ,"['#애월맛집', '#제주맛집', '#애월읍맛집', '#애월항맛집', '#제주애월점심', '#애월맛집추천', '#제주애월맛집', '#애월점심추천', '#애월밥집', '#제주현지인맛집', '#제주도민추천맛집', '#제주도현지인맛집', '#도민맛집', '#제주혼밥', '#제주시맛집', '#제주도맛집', '#제주도민맛집', '#금능맛집', '#한림맛집', '#협재맛집', '#협재해수욕장맛집', '#곽지해수욕장맛집', '#더럭분교맛집', '#애월해안도로', '#제주서쪽맛집', '#애월데이트코스', '#새별오름', '#애월카페', '#제주데이트코스']"
여기는 #오설록티뮤지엄,2021-08-19,vwvwvw_benz님 외 22명이 좋아합니, ,['#오설록티뮤지엄']
제주도 오면 흑돼지 꼭 먹어야한다는 생각에 오자마자 첫방문 했는데 여기 리얼이였다 ..ㅎㅎ.. 연탄구이라 더 맛있음 #제주도맛집꺼멍연탄구이#제주도맛집 #신화월드맛집 #오설록맛집 #카멜리아힐맛집 #한경면맛집 #제주도흑돼지맛집 #송악산맛집 #산방산맛집 #오설록티뮤지엄 #제주신화월드메리어트 #제주신화월드 #제주도현지인맛집 #제주현지인맛집 #제주도가볼만한곳 #제주도여행 #저지리맛집,2021-08-19,저 좋아요를 눌러보세, ,"['#제주도맛집꺼멍연탄구이', '#제주도맛집', '#신화월드맛집', '#오설록맛집', '#카멜리아힐맛집', '#한경면맛집', '#제주도흑돼지맛집', '#송악산맛집', '#산방산맛집', '#오설록티뮤지엄', '#제주신화월드메리어트', '#제주신화월드', '#제주도현지인맛집', '#제주현지인맛집', '#제주도가볼만한곳', '#제주도여행', '#저지리맛집']"
애월 로드129성게크림파스타흑돼지 멘치카츠흑돼지 치즈돈까스흑돼지 고구마치즈돈까스흑돼지 수제돈까스해물야끼소바재료소진시 조기마감전메뉴 포장가능#애월맛집#제주맛집#애월읍맛집#애월항맛집#제주애월점심#애월맛집추천#제주애월맛집#애월점심추천#애월밥집#제주현지인맛집#제주도민추천맛집#제주도현지인맛집#도민맛집#제주혼밥#제주시맛집#제주도맛집#제주도민맛집#금능맛집#한림맛집#협재맛집#협재해수욕장맛집#곽지해수욕장맛집#더럭분교맛집#애월해안도로#제주서쪽맛집#애월데이트코스#새별오름#애월카페#제주데이트코스,2021-08-19,저 좋아요를 눌러보세, ,"['#애월맛집', '#제주맛집', '#애월읍맛집', '#애월항맛집', '#제주애월점심', '#애월맛집추천', '#제주애월맛집', '#애월점심추천', '#애월밥집', '#제주현지인맛집', '#제주도민추천맛집', '#제주도현지인맛집', '#도민맛집', '#제주혼밥', '#제주시맛집', '#제주도맛집', '#제주도민맛집', '#금능맛집', '#한림맛집', '#협재맛집', '#협재해수욕장맛집', '#곽지해수욕장맛집', '#더럭분교맛집', '#애월해안도로', '#제주서쪽맛집', '#애월데이트코스', '#새별오름', '#애월카페', '#제주데이트코스']"
애월 로드129성게크림파스타흑돼지 멘치카츠흑돼지 치즈돈까스흑돼지 고구마치즈돈까스흑돼지 수제돈까스해물야끼소바재료소진시 조기마감전메뉴 포장가능#애월맛집#제주맛집#애월읍맛집#애월항맛집#제주애월점심#애월맛집추천#제주애월맛집#애월점심추천#애월밥집#제주현지인맛집#제주도민추천맛집#제주도현지인맛집#도민맛집#제주혼밥#제주시맛집#제주도맛집#제주도민맛집#금능맛집#한림맛집#협재맛집#협재해수욕장맛집#곽지해수욕장맛집#더럭분교맛집#애월해안도로#제주서쪽맛집#애월데이트코스#새별오름#애월카페#제주데이트코스,2021-08-19,저 좋아요를 눌러보세, ,"['#애월맛집', '#제주맛집', '#애월읍맛집', '#애월항맛집', '#제주애월점심', '#애월맛집추천', '#제주애월맛집', '#애월점심추천', '#애월밥집', '#제주현지인맛집', '#제주도민추천맛집', '#제주도현지인맛집', '#도민맛집', '#제주혼밥', '#제주시맛집', '#제주도맛집', '#제주도민맛집', '#금능맛집', '#한림맛집', '#협재맛집', '#협재해수욕장맛집', '#곽지해수욕장맛집', '#더럭분교맛집', '#애월해안도로', '#제주서쪽맛집', '#애월데이트코스', '#새별오름', '#애월카페', '#제주데이트코스']"
"오늘 제주는 맑음~가을이 다가오는지 요즘 구름들도 참 이쁘고~아침 일찍이 귀여운 외국손님이 오셨네요~그전에도 방문 했었는지 그전이랑 많이 달라졌다보 오너가 바뀌었냐고 묻던. . ㅎㅎ너무 좋다며 엄지척 👍  해주시고 가셨다는~❤서귀포 #어린왕자감귤밭 ❤동남아 갬성까지 담뿍 담아놓은!갓성비 대박쩌는 이색체험카페❤음료 한 잔 값으로 동물먹이주기체험부터,같이 산책하기, 사진찍기 이 모든걸 다 할 수 있는거 실화,,?❤동물 종류도 알파카와 미니 말포니,기니피드, 타조, 라쿤까지!!!😍최근에 조경 공사로 동남아 갬성까지 더해져서해외갬성 인생샷까지 겟 가능하다구~게다가 게스트하우스도 같이하니까숙소걱정도 할 필요 없는거 넘됴아,,❤ @여기 밤에도 개이쁨✨✔제주 서귀포시 대정읍 추사로36번길 45-1✔매일 09:30 - 20:00✔@jeju.gosuhan.#서귀포카페 #서귀포맛집 #서귀포데이트 #서귀포핫플 #서귀포밥집 #서귀포맛집추천 #서귀포숙소 #서귀포카페추천 #제주맛집 #제주밥집 #제주핫플 #제주핫플레이스 #제주도밥집 #제주도카페 #제주도맛집 #제주도여행 #제주도핫플 #제주가볼만한곳 #제주도가볼만한곳 #제주도숙소 #제주숙소",2021-08-19,14, ,"['#어린왕자감귤밭', '#서귀포카페', '#서귀포맛집', '#서귀포데이트', '#서귀포핫플', '#서귀포밥집', '#서귀포맛집추천', '#서귀포숙소', '#서귀포카페추천', '#제주맛집', '#제주밥집', '#제주핫플', '#제주핫플레이스', '#제주도밥집', '#제주도카페', '#제주도맛집', '#제주도여행', '#제주도핫플', '#제주가볼만한곳', '#제주도가볼만한곳', '#제주도숙소', '#제주숙소']"
.8월 19일 오늘의 제주.일주일만의 제주 역시 덥다는😵‍💫,2021-08-19,4, ,[]
#제주도 #두가시의부엌 #고사리갈치조림#흑돼지양념구이한접시#서귀포#제주도맛집,2021-08-19,3, ,"['#제주도', '#두가시의부엌', '#고사리갈치조림', '#흑돼지양념구이한접시', '#서귀포', '#제주도맛집']"
🌧🌧,2021-08-19,21, ,[]
🌧🌧,2021-08-19,10, ,[]
.빨주노초파보 🌈쫀득쫀득 꼬끄에 맛있는 필링🤤✨월정 바다와 함께일 때 더 빛이 나는 무지개 수카롱 ❤️🧡💛💚💙💜제주시 구좌읍 해맞이해안로 406 카페콧수염070-4131-8880방문해주신 모든 분들께 감사드립니다예쁜 사진 남겨주셔서 감사합니다 🌷#애월맛집 #제주도마카롱 #제주도민맛집 #월정리카페거리 #제주카페 #제주피크닉 #월정리맛집 #제주동쪽카페 #제주 #서귀포카페 #제주카페투어 #월정리 #월정리해수욕장 #월정리콧수염 #제주도 #구좌읍 #제주월정리카페 #제주월정리 #공항근처맛집 #제주도기념품 #월정리카페 #월정리카페콧수염 #제주여행 #제주도맛집 #제주맛집 #성산카페 #제주카페추천 #제주도카페 #제주시카페 #월정리해변,2021-08-19,저 좋아요를 눌러보세, ,"['#애월맛집', '#제주도마카롱', '#제주도민맛집', '#월정리카페거리', '#제주카페', '#제주피크닉', '#월정리맛집', '#제주동쪽카페', '#제주', '#서귀포카페', '#제주카페투어', '#월정리', '#월정리해수욕장', '#월정리콧수염', '#제주도', '#구좌읍', '#제주월정리카페', '#제주월정리', '#공항근처맛집', '#제주도기념품', '#월정리카페', '#월정리카페콧수염', '#제주여행', '#제주도맛집', '#제주맛집', '#성산카페', '#제주카페추천', '#제주도카페', '#제주시카페', '#월정리해변']"
"함덕해수욕장에서 차타고 1-2분거리 한번에 다섯가지를 먹을 수 있는 곳후식으로 우도땅콩아이스림까지 !!메뉴 : 안녕제주한상, 한라산을 품다, 뿔소라전복비빔밥, 뿔소라국수, 전복죽, 어린이한상위치 : 함덕 18길19영업시간 : 오전10시~오후7시20분함덕 맛집 안녕제주 많은 방문 부탁드립니다~ㅎㅎ#제주도 #제주도핫플 #제주맛집 #제주도맛집 #제주도현지인맛집 #제주현지인맛집 #제주현지인추천맛집 #함덕 #함덕맛집 #함덕해수욕장근처맛집 #함덕해변 #함덕해수욕장맛집 #함덕카페 #함덕소노벨리조트 #제주도여행 #제주도민맛집 #흑돼지 #우도땅콩아이스크림 #먹방 #함덕맛집탐방 #혼밥스타그램 #안녕제주 #함덕혼밥 #함덕해수욕장 #함덕현지인맛집 #함덕맛집추천 #제주함덕맛집 #함덕전복죽 #함덕어린이메뉴",2021-08-19,저 좋아요를 눌러보세, ,"['#제주도', '#제주도핫플', '#제주맛집', '#제주도맛집', '#제주도현지인맛집', '#제주현지인맛집', '#제주현지인추천맛집', '#함덕', '#함덕맛집', '#함덕해수욕장근처맛집', '#함덕해변', '#함덕해수욕장맛집', '#함덕카페', '#함덕소노벨리조트', '#제주도여행', '#제주도민맛집', '#흑돼지', '#우도땅콩아이스크림', '#먹방', '#함덕맛집탐방', '#혼밥스타그램', '#안녕제주', '#함덕혼밥', '#함덕해수욕장', '#함덕현지인맛집', '#함덕맛집추천', '#제주함덕맛집', '#함덕전복죽', '#함덕어린이메뉴']"
"⠀┏━━━━━༻❁༺━━━━━┓⠀⠀⠀⠀⠀𝓔𝓢𝓟𝓔𝓡𝓛𝓜𝓐𝓛𝓛⠀⠀•프리미엄 고퀄리티 에스펄몰 •⠀⠀➵ ⁘ 다이렉트 댓글 안 받습니다⠀➵ ⁘ 검수사진 영상 송장 제공⠀➵ ⁘ 공휴일 주말제외 2 - 3 주⠀➵ ⁘ 현금 카드결제 무이자 가능⠀➵ ⁘ 2차례 꼼꼼한 검수 후 출고⠀┗━━━━━༻❁༺━━━━━┛⠀⠀문의 전 채널 공지글 꼭 필독 해주세요⠀✔ 더 많은 상품 또는 문의방법인스타그램 프로필 하단 링크 클릭⠀항시 이벤트 진행 중 채널 공지 확인필수⠀⠀⠀⊶⊷⊶⊷⊶⊷⋆⊶⊷⊶⊷⊶⠀피드에 없는 제품 문의도 받습니다문의시 원하시는 제품 사진첨부필수 부탁 드려요 ◡̈ ♥️ 모든 사이즈 색상 보유 합니다⠀⠀< 상품문의 순차적 상담진행 >⠀⠀문의 매너 꼭 지켜주세요⠀에스펄몰 카톡 𝘦𝘴𝘱𝘦𝘳𝘭𝘮𝘢𝘭𝘭⠀✔ 유사로고 주의⠀에스펄몰과 색상 , 샵 이름만 다른흡사한 로고 타 샵들 저희 에스펄몰과무관합니다 착오 없으시길 바랍니다 🙏 ⠀1대1 오더 제품이기에 단순변심교환 환불 불가 입니다싸고 질좋은 상품 절대 없어요 ◡̈싼 것 만 찾다가 낭패보신 손님들 많아용⠀퀄리티로 유명한 고퀄맛집 에스펄몰프로필 링크 꾸욱 누르고 톡 주세욥 ♥️⠀⠀",2021-08-19,1, ,[]
"너무나 단조롭고 깔끔하고 단백한 느낌이 들었던 카페 밀크티 너무 맛있고 정말 차분하게 바다를 바라볼수 있던 카페 , 그날 갑자기 소나기가 많이 와서 더욱 운치있게 느껴졌던 카페진정성 #진성성카페 #분위기좋은카페 #제주도카페 #제주도맛집",2021-08-19,저 좋아요를 눌러보세, ,"['#진성성카페', '#분위기좋은카페', '#제주도카페', '#제주도맛집']"
"☀제주의 멋과 맛을 모두 즐기시고 싶다면➩✨제주여행의 후회없는 선택➀제주공항 근처 바닷가 바로 앞 풍경맛집➁해녀가 직접 채집하는제주보말, 제주돼지, 제주비트를 재료로 하는 건강맛집 [한라진칼국수]입니다.✅OPEN 9:00✅CLOSE 16:00✅매주 월요일 정기휴무✈제주시 테우해안로32☏TEL 064.711.8525#한라진칼국수 #제주맛집 #제주맛집추천 #제주도맛집 #제주도맛집추천 #제주공항맛집 #제주공항근처맛집 #보말칼국수 #보말칼국수맛집 #제주보말칼국수 #제주보말칼국수맛집 #돔베고기 #제주가족여행 #제주데이트 #제주점심 #제주도민맛집 #이호테우해변맛집 #애월맛집 #애월해안도로맛집 #제주오션뷰맛집 #함덕맛집 #성산일출봉맛집 #협재맛집 #곽지맛집 #한담맛집 #한림맛집 #제주도여행 #제주여행 #제주핫플 #제주아침식사",2021-08-19,1, ,"['#한라진칼국수', '#제주맛집', '#제주맛집추천', '#제주도맛집', '#제주도맛집추천', '#제주공항맛집', '#제주공항근처맛집', '#보말칼국수', '#보말칼국수맛집', '#제주보말칼국수', '#제주보말칼국수맛집', '#돔베고기', '#제주가족여행', '#제주데이트', '#제주점심', '#제주도민맛집', '#이호테우해변맛집', '#애월맛집', '#애월해안도로맛집', '#제주오션뷰맛집', '#함덕맛집', '#성산일출봉맛집', '#협재맛집', '#곽지맛집', '#한담맛집', '#한림맛집', '#제주도여행', '#제주여행', '#제주핫플', '#제주아침식사']"
아쟈뵹 👊🏻,2021-08-19,53, ,[]
"- 제주도의 핫한 함덕해변독채형 가족펜션인 게으르게펜션 입니다..바쁜 일상에서 잠시 게으름으로 힐링해 보세요. ^^.함덕에는 맛집도 많고 가까운곳에 서우봉, 에코랜드등 많은 명소가 있습니다....#제주도펜션 #제주펜션 #함덕펜션 #함덕해수욕장펜션 #게으르게펜션 #함덕해변펜션 #조천펜션 #서우봉 #에코랜드 #함덕숙박 #조천숙박 #제주도숙박 #함덕독채펜션 #제주도독채펜션 #제주공항펜션 #함덕해변 #함덕해수욕장 #함덕맛집 #선팔하면맞팔가요 #맞팔해요 #제주도맛집",2021-08-19,2, ,"['#제주도펜션', '#제주펜션', '#함덕펜션', '#함덕해수욕장펜션', '#게으르게펜션', '#함덕해변펜션', '#조천펜션', '#서우봉', '#에코랜드', '#함덕숙박', '#조천숙박', '#제주도숙박', '#함덕독채펜션', '#제주도독채펜션', '#제주공항펜션', '#함덕해변', '#함덕해수욕장', '#함덕맛집', '#선팔하면맞팔가요', '#맞팔해요', '#제주도맛집']"
_빼꼼👀,2021-08-19,148, ,[]
애월 로드129성게크림파스타흑돼지 멘치카츠흑돼지 치즈돈까스흑돼지 고구마치즈돈까스흑돼지 수제돈까스해물야끼소바재료소진시 조기마감전메뉴 포장가능#애월맛집#제주맛집#애월읍맛집#애월항맛집#제주애월점심#애월맛집추천#제주애월맛집#애월점심추천#애월밥집#제주현지인맛집#제주도민추천맛집#제주도현지인맛집#도민맛집#제주혼밥#제주시맛집#제주도맛집#금능맛집#한림맛집#협재맛집#협재해수욕장맛집#곽지해수욕장맛집#더럭분교맛집#애월해안도로#제주서쪽맛집#애월데이트코스#새별오름#애월카페#제주데이트코스,2021-08-19,저 좋아요를 눌러보세, ,"['#애월맛집', '#제주맛집', '#애월읍맛집', '#애월항맛집', '#제주애월점심', '#애월맛집추천', '#제주애월맛집', '#애월점심추천', '#애월밥집', '#제주현지인맛집', '#제주도민추천맛집', '#제주도현지인맛집', '#도민맛집', '#제주혼밥', '#제주시맛집', '#제주도맛집', '#금능맛집', '#한림맛집', '#협재맛집', '#협재해수욕장맛집', '#곽지해수욕장맛집', '#더럭분교맛집', '#애월해안도로', '#제주서쪽맛집', '#애월데이트코스', '#새별오름', '#애월카페', '#제주데이트코스']"
치즈돈까스 해장 아점. 비가 오다가 말다가... 그래~ 니맘대로햇!,2021-08-19,5, ,[]
🔹할로비치🔹🔹제주시 한경면 녹차분재로 354🔹 제주에서 먹는 망고는 또 다른맛 아니겠나어요? 카라바오망고 쥬스 마셔보면 다른 망고쥬스는 못 먹는다는 이야기 아시죠? ♡..#제주카페 #할로비치 #제주도카페 #제주맛집 #제주도맛집 #제주맛집추천 #제주도맛집추천 #할로비치 #애월맛집 #애월카페 #협재맛집 #협재카페 #제주가볼만한곳 #제주도여행 #제주도데이트코스 #제주도카페추천 #제주도핫플 #제주카페추천,2021-08-19,140, ,"['#제주카페', '#할로비치', '#제주도카페', '#제주맛집', '#제주도맛집', '#제주맛집추천', '#제주도맛집추천', '#할로비치', '#애월맛집', '#애월카페', '#협재맛집', '#협재카페', '#제주가볼만한곳', '#제주도여행', '#제주도데이트코스', '#제주도카페추천', '#제주도핫플', '#제주카페추천']"
"함덕해수욕장에서 차타고 1-2분거리 한번에 다섯가지를 먹을 수 있는 곳후식으로 우도땅콩아이스림까지 !!메뉴 : 안녕제주한상, 한라산을 품다, 뿔소라전복비빔밥, 뿔소라국수, 전복죽, 어린이한상위치 : 함덕 18길19영업시간 : 오전10시~오후7시20분함덕 맛집 안녕제주 많은 방문 부탁드립니다~ㅎㅎ#제주도 #제주도핫플 #제주맛집 #제주도맛집 #제주도현지인맛집 #제주현지인맛집 #제주현지인추천맛집 #함덕 #함덕맛집 #함덕해수욕장근처맛집 #함덕해변 #함덕해수욕장맛집 #함덕카페 #함덕소노벨리조트 #제주도여행 #제주도민맛집 #흑돼지 #우도땅콩아이스크림 #먹방 #함덕맛집탐방 #혼밥스타그램 #안녕제주 #함덕혼밥 #함덕해수욕장 #함덕현지인맛집 #함덕맛집추천 #제주함덕맛집 #함덕전복죽 #함덕어린이메뉴",2021-08-19,1, ,"['#제주도', '#제주도핫플', '#제주맛집', '#제주도맛집', '#제주도현지인맛집', '#제주현지인맛집', '#제주현지인추천맛집', '#함덕', '#함덕맛집', '#함덕해수욕장근처맛집', '#함덕해변', '#함덕해수욕장맛집', '#함덕카페', '#함덕소노벨리조트', '#제주도여행', '#제주도민맛집', '#흑돼지', '#우도땅콩아이스크림', '#먹방', '#함덕맛집탐방', '#혼밥스타그램', '#안녕제주', '#함덕혼밥', '#함덕해수욕장', '#함덕현지인맛집', '#함덕맛집추천', '#제주함덕맛집', '#함덕전복죽', '#함덕어린이메뉴']"
"말고기 맛집!영주말가든에서 먹어봤어요 :)고기 자체가 워낙 부드러워서,넘넘 맛있게 먹고 왔네여!힐링제대로였어요 :)#영주말가든#제주맛집#제주도맛집#제주공항근처맛집#제주공항맛집#제주도말고기맛집 #제주고기맛집 #제주공항근처고기집 #제주도말고기맛집추천 #맞팔좋아요 #먹팔그램 #먹팔소통 #제주도맛집지도",2021-08-19,135, ,"['#영주말가든', '#제주맛집', '#제주도맛집', '#제주공항근처맛집', '#제주공항맛집', '#제주도말고기맛집', '#제주고기맛집', '#제주공항근처고기집', '#제주도말고기맛집추천', '#맞팔좋아요', '#먹팔그램', '#먹팔소통', '#제주도맛집지도']"
"<짐캐리 퀴즈 타임!>김포공항에서 출발해 제주도 숙소에서바로 찾을 수 있는국내 최초 수하물 운송 서비스 이름은?😎""0000""🎁퀴즈 맞히고 선물 받아가세요🎁✔️이벤트 경품🎉스타벅스 아메리카노 기프티콘(15명)🎉✔️이벤트 참여방법1.@zim_carry 팔로우 하기!2. 해당 게시물 좋아요 누르고  댓글로 정답 남기기!✔️당첨 확률 높이는 꿀팁-🍯친구들한테 널리널리 댓글로 @태그!다른 게시글에도 좋아요 꾹~누르기!✔️이벤트기간 21.08.19~21.08.25✔️당첨자발표 21.08.26 개별 DM🔺유의사항🔺비공개 계정/가계정인 경우 이벤트 당첨 대상자에서 제외됩니다.상품 발송 전, 계정 팔로우를 취소하거나 댓글 삭제 시 당첨이 취소될 수 있습니다...김포공항에서 짐을 바로 제주숙소/골프장로 옮기고 싶다면?수하물 나오는 시간 세이브! 🙆숙소에 짐 두는 시간 세이브! 🙆🏻불필요한 시간 아껴서 더 많이 놀자!💯💯",2021-08-19,23, ,[]
#찬진은진찬진몬이랑 두번째 제주 💚,2021-08-19,58, ,['#찬진은진찬진몬이랑']
-톡톡 터지는 옥수수 🌽알갱이와 부드러운 크림이 달콤한 옥수수 크림 빵 !  퍽퍽하지 않고 촉촉하고 부드러운 빵이예요😋자극적이지 않아 아이들 간식 어른들 간식으로도 좋은 빵이랍니다!우유랑 🥛함께 오늘 간식으로 드셔보세요😋,2021-08-19,15, ,[]
주렁주렁 꽃천지🌺,2021-08-19,41, ,[]
#벵디제주도 여행가서 우연히 길가다가 들어가게 된 벵디#돌문어덮밥 17000원#흑돼지간장덮밥 13000원솔직히 둘 다 크게 메리트있는 맛은 아니고 모두가 아는 맛이었다 특히 흑돼지간장덮밥은 그냥 불고기덮밥느낌???둘다 조금 간이 쎄서 무료로 제공되고 있는 밥으로 입맛에 맞게 간을 조절할 수 있어서 좋았다❕❗#제주도맛집 #구좌읍맛집 #제주도벵디 #제주맛집 #덮밥맛집 #덮밥 #먹스타그램 #먹스타맞팔 #먹팔 #먹스타 #맛집 #맛스타그램 #맛집추천 #맞팔 #좋반 #좋아요반사 #첫줄반사 #디엠환영 #협찬 #문의 #초보먹스타그램 #대학생맛집 #유명맛집 #유명맛집투어 #맛집깨기,2021-08-17,114, ,"['#벵디제주도', '#돌문어덮밥', '#흑돼지간장덮밥', '#제주도맛집', '#구좌읍맛집', '#제주도벵디', '#제주맛집', '#덮밥맛집', '#덮밥', '#먹스타그램', '#먹스타맞팔', '#먹팔', '#먹스타', '#맛집', '#맛스타그램', '#맛집추천', '#맞팔', '#좋반', '#좋아요반사', '#첫줄반사', '#디엠환영', '#협찬', '#문의', '#초보먹스타그램', '#대학생맛집', '#유명맛집', '#유명맛집투어', '#맛집깨기']"
☔️,2021-05-17,102, ,[]
세상 사람들 갈치 실한것 좀 보세요갈치 사진으로 제주여행 자랑하기 ㅋㅋㅋ제주도 갈치 너무 좋아><#만족한상회......#제주도맛집#서귀포맛집#제주도민맛집#중문맛집#제주가성비맛집#중문맛집만족한상회#서귀포갈치구이#제주도민맛집#서귀포갈치조림,2021-08-19,저 좋아요를 눌러보세, ,"['#만족한상회......', '#제주도맛집', '#서귀포맛집', '#제주도민맛집', '#중문맛집', '#제주가성비맛집', '#중문맛집만족한상회', '#서귀포갈치구이', '#제주도민맛집', '#서귀포갈치조림']"
로드129흑돼지치즈돈까스 jmt #애월맛집 #제주도맛집 #금오름#봄날카페 #제주도오름#성이시돌목장#진지동굴#서귀포맛집#애월숙소#창꼼#안돌오름#애월읍맛집 #오설록티뮤지엄#노리매공원#동문시장#제주핫플레이스 #카멜리아힐#981파크 #금악오름#사계해변#협재식물원#산방산#놀맨#애월해안도로,2021-08-19,저 좋아요를 눌러보세, ,"['#애월맛집', '#제주도맛집', '#금오름', '#봄날카페', '#제주도오름', '#성이시돌목장', '#진지동굴', '#서귀포맛집', '#애월숙소', '#창꼼', '#안돌오름', '#애월읍맛집', '#오설록티뮤지엄', '#노리매공원', '#동문시장', '#제주핫플레이스', '#카멜리아힐', '#981파크', '#금악오름', '#사계해변', '#협재식물원', '#산방산', '#놀맨', '#애월해안도로']"
제주 인생밥집⠀⠀⠀⠀⠀⠀⠀⠀⠀⠀⠀⠀⠀⠀⠀⠀⠀🕚 OPEN - 11:00⠀⠀⠀⠀⠀⠀⠀⠀⠀⠀⠀⠀🕕 CLOSED - 17:00⠀⠀⠀⠀⠀⠀⠀⠀⠀⠀⠀⠀⠀⠀⠀⠀⠀브레이크타임 없어요.⠀⠀⠀⠀⠀⠀⠀⠀⠀⠀⠀⠀⠀⠀⠀⠀⠀예약은 받지 않고 오시는 순서대로 식사가능 하세요.⠀⠀⠀⠀⠀⠀⠀⠀⠀⠀⠀⠀⠀⠀⠀⠀⠀싱싱한 해물과 신선한 야채로 그날 준비한 재료가 소진되면 조기마감 합니다. ⠀⠀⠀⠀⠀⠀⠀⠀⠀⠀⠀⠀⠀⠀⠀⠀⠀⠀⠀⠀⠀⠀⠀⠀⠀⠀⠀⠀⠀⠀⠀⠀⠀⠀🥣전복해물볶음밥 / 전복물회 / 전복딱새우장 정식⠀⠀⠀⠀⠀⠀⠀⠀⠀⠀⠀⠀⠀⠀⠀⠀⠀사는게니나노 ~ ♬인생밥집 010-6501-5073주소는 제주시 한림읍 문교길6 ..⠀⠀⠀⠀⠀⠀⠀⠀⠀⠀⠀⠀⠀⠀⠀⠀⠀🅿️ 무료 공영 주차장 위치!! .⠀⠀⠀⠀⠀⠀⠀⠀⠀⠀⠀⠀⠀⠀⠀⠀⠀🚗 제주시 한림읍 한림리 1197-4🚘 제주시 한림읍 한림리 1198-3🚙 제주시 한림읍 한림리 943-9.걸어서 2분이내 거리에요~♡♡#제주#제주도#jeju#제주살이#제주맛집#제주도맛집#한림맛집#애월맛집#서울맛집 #중문맛집#산방산맛집#월정리#신화월드맛집#제주신혼여행#협재해수욕장근처맛집#협재해변#금능해수욕장#좋아요#일상#일상스타그램#먹스타그램#맛스타그램 #전복장 #딱새우장#제주가족여행 #제주우정여행 #제주혼밥 #협재혼밥,2021-08-19,5, ,"['#제주', '#제주도', '#jeju', '#제주살이', '#제주맛집', '#제주도맛집', '#한림맛집', '#애월맛집', '#서울맛집', '#중문맛집', '#산방산맛집', '#월정리', '#신화월드맛집', '#제주신혼여행', '#협재해수욕장근처맛집', '#협재해변', '#금능해수욕장', '#좋아요', '#일상', '#일상스타그램', '#먹스타그램', '#맛스타그램', '#전복장', '#딱새우장', '#제주가족여행', '#제주우정여행', '#제주혼밥', '#협재혼밥']"
애월 로드129성게크림파스타흑돼지 멘치카츠흑돼지 치즈돈까스흑돼지 고구마치즈돈까스흑돼지 수제돈까스해물야끼소바재료소진시 조기마감전메뉴 포장가능#애월맛집#제주맛집#애월읍맛집#애월항맛집#제주애월점심#애월맛집추천#제주애월맛집#애월점심추천#애월밥집#제주현지인맛집#제주도민추천맛집#제주도현지인맛집#도민맛집#제주혼밥#제주시맛집#제주도맛집#금능맛집#한림맛집#협재맛집#협재해수욕장맛집#곽지해수욕장맛집#더럭분교맛집#애월해안도로#제주서쪽맛집#애월데이트코스#새별오름#애월카페#제주데이트코스,2021-08-19,저 좋아요를 눌러보세, ,"['#애월맛집', '#제주맛집', '#애월읍맛집', '#애월항맛집', '#제주애월점심', '#애월맛집추천', '#제주애월맛집', '#애월점심추천', '#애월밥집', '#제주현지인맛집', '#제주도민추천맛집', '#제주도현지인맛집', '#도민맛집', '#제주혼밥', '#제주시맛집', '#제주도맛집', '#금능맛집', '#한림맛집', '#협재맛집', '#협재해수욕장맛집', '#곽지해수욕장맛집', '#더럭분교맛집', '#애월해안도로', '#제주서쪽맛집', '#애월데이트코스', '#새별오름', '#애월카페', '#제주데이트코스']"
"반팔티,셔츠등과 레이어드하기 좋은 브이넥베스트☺️#일상 #데일리 #데일리룩 #오오티디 #아웃핏 #가을옷 #베스트 #조끼 #조끼니트 #울베스트 #조끼코디 #여행 #제주도여행 #제주도맛집 #제주도카페 #서울맛집 #대전맛집 #광주카페 #강원도맛집 #강원도펜션 #경주카페 #황리단길 #황리단길카페 #경주핫플 #캠핑 #캠핑룩 #여행룩 #여친룩 #여친선물추천",2021-08-19,15, ,"['#일상', '#데일리', '#데일리룩', '#오오티디', '#아웃핏', '#가을옷', '#베스트', '#조끼', '#조끼니트', '#울베스트', '#조끼코디', '#여행', '#제주도여행', '#제주도맛집', '#제주도카페', '#서울맛집', '#대전맛집', '#광주카페', '#강원도맛집', '#강원도펜션', '#경주카페', '#황리단길', '#황리단길카페', '#경주핫플', '#캠핑', '#캠핑룩', '#여행룩', '#여친룩', '#여친선물추천']"
"#공룡마라탕꼬치오늘 제가 소개해드릴 맛집은 꼬치전문점입니다이 날 고향으로 가는 비행기를 놓쳐서 투덜투덜 대다가, 시원한 맥주나 마시고자 찾아가게된 맛집인데요저는 그 날따라 꼬치보단 꿔바로우가 땡겨서 꿔바로우를 시켜서 먹었어요그러고 생맥을 주문할려고 했으나, 없어서 칭따오 병으로 주문해서 마셨어요별 기대안하고 먹었는데 꿔바로우가 정말 맛있었어요달짝찌근하면서도 씹는 식감도 좋구 튀김도 바삭하며 고기맛도 너무 좋았어요간혹 다른곳에서 꿔바로우 시키면 다 별로 였는데, 여기는 정말 맛있었네요제가 먹어본 꿔바로우중 제일 맛있었던 맛집이였어요다음에 공항 근처 맛집 가고자 한다면 또 들리고 싶은 맛집이예요My evaluation.🙋🏻‍♂️Favor-9.7/10Vibe-8.7/10Service-8.7/10",2021-08-19,1, ,['#공룡마라탕꼬치오늘']
.끓는다끓어 장난쟁이때매 봉쟈속도 부대찌개도...#하도댁#부대찌개#연예인맛집,2021-08-19,76, ,"['#하도댁', '#부대찌개', '#연예인맛집']"
고등어 회와 딱새우의 조합한라산까지!#제주도맛집 #고등어회 #딱새우회,2021-08-19,저 좋아요를 눌러보세, ,"['#제주도맛집', '#고등어회', '#딱새우회']"
애월 로드129성게크림파스타흑돼지 멘치카츠흑돼지 치즈돈까스흑돼지 고구마치즈돈까스흑돼지 수제돈까스해물야끼소바재료소진시 조기마감전메뉴 포장가능#애월맛집#제주맛집#애월읍맛집#애월항맛집#제주애월점심#애월맛집추천#제주애월맛집#애월점심추천#애월밥집#제주현지인맛집#제주도민추천맛집#제주도현지인맛집#도민맛집#제주혼밥#제주시맛집#제주도맛집#금능맛집#한림맛집#협재맛집#협재해수욕장맛집#곽지해수욕장맛집#더럭분교맛집#애월해안도로#제주서쪽맛집#애월데이트코스#새별오름#애월카페#제주데이트코스,2021-08-19,1, ,"['#애월맛집', '#제주맛집', '#애월읍맛집', '#애월항맛집', '#제주애월점심', '#애월맛집추천', '#제주애월맛집', '#애월점심추천', '#애월밥집', '#제주현지인맛집', '#제주도민추천맛집', '#제주도현지인맛집', '#도민맛집', '#제주혼밥', '#제주시맛집', '#제주도맛집', '#금능맛집', '#한림맛집', '#협재맛집', '#협재해수욕장맛집', '#곽지해수욕장맛집', '#더럭분교맛집', '#애월해안도로', '#제주서쪽맛집', '#애월데이트코스', '#새별오름', '#애월카페', '#제주데이트코스']"
메콩스카이 반미바삭 아삭^~^♡♡꿀🍯맛..#제주도맛집#메콩스카이 #다이어트 #가뭄의단비같은 #맛난음식 #3개도먹을판#제주맘 #일상,2021-08-19,14, ,"['#제주도맛집', '#메콩스카이', '#다이어트', '#가뭄의단비같은', '#맛난음식', '#3개도먹을판', '#제주맘', '#일상']"
제주도에서 먹는 둘쨋날 점심💖💖매운갈비찜이라 엄청 매울까봐 걱정했는데 맵지도 않아서 넘넘 맛있게 먹었당🥰,2021-08-19,42, ,[]
.한라산도 식후경 👨‍🍳부드러운 항정살에 특제 소스가 잘 어울리고모든 찬들이 정갈해서 입맛에 너무 잘 맞았던훈남 쉐프가 운영하는 1일 30인분 한정 판매 식당#바굥식당인생 살면서 먹어 본 고기들 중 세 손가락 안에 들어가는돼지 목살 최강 맛집~~!! 직원분들도 친절하고 유쾌하셔서식사할 때 기분이 한 껏 좋았던 대정맛집#큰돈가로컬의 포스가 강력한 도민 맛집개인적으로는 예전이 더 맛있었던몸국 맛집#명문사거리식당겉바속초의 정석~~!! 하루에 세번 먹어도 질리지 않을 것 같은 꺼멍샌드위치독특한 컨셉의 도시락과 동남아 리조트 느낌이 물씬 풍겨 기분이 좋았던#카페EPL전 날 저녁 웨이팅이 너무 길어서 다음날 점심에다시 찾아가 웨이팅 1도 없이 먹었던 고등어 회비린 맛 1도 없이 싱싱한 맛을 온전히 느낄 수 있었던#자리돔횟집'돼지갈비는 양념이지'라는 고정관념을 싹 사라지게 만든 돼지생갈비 맛집1인분에 18000원이인데 400g이라는 게 함정성인4명과 유아1명이 가서 3인분 먹고제왕절개 하고 나올 뻔.. 냉면의 양도 맛도 어마어마 했던 도민 맛집#제남가든크로플이 딱 초딩 입맛인 나에게 맞춤 제작 된 듯맛 이어서 넘나 좋았고  어마어마하게 큰 정원이 있어커피한잔 하며 산책하기도 딱 알맞춤이였던 카페동쪽 성산쪽에 위치하고 있어서빛의 벙커 구경 갔다가 들리기에 좋은 코스#이스틀리이 피드는 업체들에게 일정의 비용을 제공 받고쓰는 것 같은 느낌으로 쓰는 지극히 개인적인 피 같은 내 돈 100% 사용해서 솔직 담백하게 쓴 내돈내먹 피드입니다#제주도 #제주 #제주도맛집 #제주맛집 #제주카페 #내돈내산,2021-08-19,29, ,"['#바굥식당인생', '#큰돈가로컬의', '#명문사거리식당겉바속초의', '#카페EPL전', ""#자리돔횟집'돼지갈비는"", '#제남가든크로플이', '#이스틀리이', '#제주도', '#제주', '#제주도맛집', '#제주맛집', '#제주카페', '#내돈내산']"
.제주 핫플레이스 콧수염 카페 😊월정 바다가 한눈에 들어오는 야외 테라스바다 뷰와 편안한 빈백 소파옥상 빈백 정원여심 저격 피크닉까지 준비되어 있어요 ☕️🧺🐕제주시 구좌읍 해맞이해안로 406 카페콧수염070-4131-8880매일 모든 메뉴 sold-out 되므로 선착순 판매합니다.방문해주신 모든 분들께 감사드립니다#월정 #서귀포카페 #성산카페 #제주시카페 #제주마카롱맛집 #제주애견동반카페 #제주도 #공항근처맛집 #함덕해수욕장 #제주피크닉 #월정리카페 #월정리해수욕장 #제주카페추천 #제주도마카롱 #구좌읍맛집 #월정리맛집 #월정리카페콧수염 #제주월정리카페 #제주도맛집 #제주맛집 #구좌읍카페 #월정리콧수염 #월정리 #서귀포맛집 #제주카페 #제주월정리 #제주해안도로 #제주도카페 #월정리해변 #제주,2021-08-19,저 좋아요를 눌러보세, ,"['#월정', '#서귀포카페', '#성산카페', '#제주시카페', '#제주마카롱맛집', '#제주애견동반카페', '#제주도', '#공항근처맛집', '#함덕해수욕장', '#제주피크닉', '#월정리카페', '#월정리해수욕장', '#제주카페추천', '#제주도마카롱', '#구좌읍맛집', '#월정리맛집', '#월정리카페콧수염', '#제주월정리카페', '#제주도맛집', '#제주맛집', '#구좌읍카페', '#월정리콧수염', '#월정리', '#서귀포맛집', '#제주카페', '#제주월정리', '#제주해안도로', '#제주도카페', '#월정리해변', '#제주']"
"#독고집오늘 제가 소개해드릴 맛집은 흑돼지 전문점입니다같이 있던 지인이 흑돼지가 먹고 싶다고 해서 가게 된 맛집인데요가게 분위기는 포장마차 느낌이였고, 직원분이 직접 고기를 친절하게 구워주셨어요고기는 역시, 부드럽고 담백함과 더불어 적당한 식감에 맛있었구요제주도 흑돼지 가게는 전부 다 맛있는것 같아요또 기본으로 제공되는 고사리도 신기하게도 고기맛이 나면서맛있었네요필요시 또 리필이 가능이라 좋았어요다음에 더 좋은 사람이랑 흑돼지 먹으러 오고 싶은 맛집이네요My evaluation.🙋🏻‍♂️Favor-9.0/10Vibe-7.8/10Service-9.0/10",2021-08-19,3, ,['#독고집오늘']
애월 로드129성게크림파스타흑돼지 멘치카츠흑돼지 치즈돈까스흑돼지 고구마치즈돈까스흑돼지 수제돈까스해물야끼소바재료소진시 조기마감전메뉴 포장가능#애월맛집#제주맛집#애월읍맛집#애월항맛집#제주애월점심#애월맛집추천#제주애월맛집#애월점심추천#애월밥집#제주현지인맛집#제주도민추천맛집#제주도현지인맛집#도민맛집#제주혼밥#제주시맛집#제주도맛집#금능맛집#한림맛집#협재맛집#협재해수욕장맛집#곽지해수욕장맛집#더럭분교맛집#애월해안도로#제주서쪽맛집#애월데이트코스#새별오름#애월카페#제주데이트코스,2021-08-19,저 좋아요를 눌러보세, ,"['#애월맛집', '#제주맛집', '#애월읍맛집', '#애월항맛집', '#제주애월점심', '#애월맛집추천', '#제주애월맛집', '#애월점심추천', '#애월밥집', '#제주현지인맛집', '#제주도민추천맛집', '#제주도현지인맛집', '#도민맛집', '#제주혼밥', '#제주시맛집', '#제주도맛집', '#금능맛집', '#한림맛집', '#협재맛집', '#협재해수욕장맛집', '#곽지해수욕장맛집', '#더럭분교맛집', '#애월해안도로', '#제주서쪽맛집', '#애월데이트코스', '#새별오름', '#애월카페', '#제주데이트코스']"
애월 로드129성게크림파스타흑돼지 멘치카츠흑돼지 치즈돈까스흑돼지 고구마치즈돈까스흑돼지 수제돈까스해물야끼소바재료소진시 조기마감전메뉴 포장가능#애월맛집#제주맛집#애월읍맛집#애월항맛집#제주애월점심#애월맛집추천#제주애월맛집#애월점심추천#애월밥집#제주현지인맛집#제주도민추천맛집#제주도현지인맛집#도민맛집#제주혼밥#제주시맛집#제주도맛집#금능맛집#한림맛집#협재맛집#협재해수욕장맛집#곽지해수욕장맛집#더럭분교맛집#애월해안도로#제주서쪽맛집#애월데이트코스#새별오름#애월카페#제주데이트코스,2021-08-19,저 좋아요를 눌러보세, ,"['#애월맛집', '#제주맛집', '#애월읍맛집', '#애월항맛집', '#제주애월점심', '#애월맛집추천', '#제주애월맛집', '#애월점심추천', '#애월밥집', '#제주현지인맛집', '#제주도민추천맛집', '#제주도현지인맛집', '#도민맛집', '#제주혼밥', '#제주시맛집', '#제주도맛집', '#금능맛집', '#한림맛집', '#협재맛집', '#협재해수욕장맛집', '#곽지해수욕장맛집', '#더럭분교맛집', '#애월해안도로', '#제주서쪽맛집', '#애월데이트코스', '#새별오름', '#애월카페', '#제주데이트코스']"
아줄레쥬. 제주에서 가본 카페 중에 가장 마음에 들었던 . 분위기 . 인테리어. 한적한 위치. 음료와 에그타르트. 모두 맘에 쏙 들었다. 파이 식감이 아주 부드럽고 바삭했고.살구청아이스티는 달지 않아 무척 좋았다 . 건강한 맛이었다 .코로나가 끝나면 🇵🇹 에 다시 가야 할 이유가 생겼다 . .#아줄레주 #제주여행 #제주카페핫플 #제주여름여행 #제주도맛집 #제주에그타르트맛집 #포르투갈에그타르트#인테리어스타그램 #의자도예뻐,2021-08-19,5, ,"['#아줄레주', '#제주여행', '#제주카페핫플', '#제주여름여행', '#제주도맛집', '#제주에그타르트맛집', '#포르투갈에그타르트', '#인테리어스타그램', '#의자도예뻐']"
"제주도 기록 #1 ⭐️⭐️⭐️⭐️⭐️아메리카노 원두 맛집을 찾았다,,한잔 마시고 너무 맛있어서 선물용이랑내꺼까지 사온 핸드드립 맛집,,🤎고소함 묵직함 부드러운맛사장님이 정성들여 달인의맛공항 가기 전 밥 먹구 조용하게커피한잔 하기 너무 좋았당🤎..#커피맛집 #제주도맛집 #제주도 #제주공항 #더치커피 #택배도 #되나요? #아메리카노 #커피공유 #카페 #제주도카페 #핸드드립 #더치커피 #드립커피 #맛집 #커피향 #별다섯개",2021-08-19,5, ,"['#1', '#커피맛집', '#제주도맛집', '#제주도', '#제주공항', '#더치커피', '#택배도', '#되나요?', '#아메리카노', '#커피공유', '#카페', '#제주도카페', '#핸드드립', '#더치커피', '#드립커피', '#맛집', '#커피향', '#별다섯개']"
"제주도 여행 중 펜션 사장님이 #섬횟집 추천해주셔서 방문 ~~역시 현지인 맛집 다움,, 대박 감덩......#제주도맛집#제주연동맛집#제주제원맛집#제주시맛집#제주공항근처맛집#도두섬횟집#신제주맛집#제주시횟집#구제주맛집#제주공항맛집",2021-08-19,1, ,"['#섬횟집', '#제주도맛집', '#제주연동맛집', '#제주제원맛집', '#제주시맛집', '#제주공항근처맛집', '#도두섬횟집', '#신제주맛집', '#제주시횟집', '#구제주맛집', '#제주공항맛집']"
애월 로드129성게크림파스타흑돼지 멘치카츠흑돼지 치즈돈까스흑돼지 고구마치즈돈까스흑돼지 수제돈까스해물야끼소바재료소진시 조기마감전메뉴 포장가능#애월맛집#제주맛집#애월읍맛집#애월항맛집#제주애월점심#애월맛집추천#제주애월맛집#애월점심추천#애월밥집#제주현지인맛집#제주도민추천맛집#제주도현지인맛집#도민맛집#제주혼밥#제주시맛집#제주도맛집#금능맛집#한림맛집#협재맛집#협재해수욕장맛집#곽지해수욕장맛집#더럭분교맛집#애월해안도로#제주서쪽맛집#애월데이트코스#새별오름#애월카페,2021-08-19,저 좋아요를 눌러보세, ,"['#애월맛집', '#제주맛집', '#애월읍맛집', '#애월항맛집', '#제주애월점심', '#애월맛집추천', '#제주애월맛집', '#애월점심추천', '#애월밥집', '#제주현지인맛집', '#제주도민추천맛집', '#제주도현지인맛집', '#도민맛집', '#제주혼밥', '#제주시맛집', '#제주도맛집', '#금능맛집', '#한림맛집', '#협재맛집', '#협재해수욕장맛집', '#곽지해수욕장맛집', '#더럭분교맛집', '#애월해안도로', '#제주서쪽맛집', '#애월데이트코스', '#새별오름', '#애월카페']"
: ): D⠀⠀⠀⠀⠀⠀⠀⠀⠀⠀⠀⠀⠀⠀⠀⠀⠀⠀⠀⠀⠀⠀⠀⠀⠀⠀⠀⠀⠀⠀⠀⠀⠀⠀#일산맛집 #냠스타그램 #먹는행복 #삼산동맛집 #신사맛집 #먹는다그램 #청담역맛집 #맛난음식 #안양일번가맛집 #백석동맛집 #집밥?? #운동하는남자 #남포동맛집 #제주도맛집,2021-08-19,0, ,"['#일산맛집', '#냠스타그램', '#먹는행복', '#삼산동맛집', '#신사맛집', '#먹는다그램', '#청담역맛집', '#맛난음식', '#안양일번가맛집', '#백석동맛집', '#집밥??', '#운동하는남자', '#남포동맛집', '#제주도맛집']"
제주도 음식 완전 내 스타일...#제주도 #제주도맛집 #제주도여행,2021-08-19,24, ,"['#제주도', '#제주도맛집', '#제주도여행']"
제주도에서만 즐길수있는 수제버거 관자스테이크버거 고단백 저칼로리 제주 버거요 미친선셋은 덤입니다,2021-08-19,0, ,[]
테이블마다 투명가림막이 되어 있어서요즘 같은 시국에 안심하고 먹을 수 있는 위생관리 잘 되어있어요게다가 갈치조림도 나름 만족스럽고 또 가고 싶네요#중문갈치조림 #색달식당중문본점-----#중문관광단지맛집#서귀포맛집#제주중문맛집#제주도맛집#중문맛집색달식당#제주갈치조림#제주맛집#제주도중문맛집#제주갈치구이,2021-08-19,저 좋아요를 눌러보세, ,"['#중문갈치조림', '#색달식당중문본점-----', '#중문관광단지맛집', '#서귀포맛집', '#제주중문맛집', '#제주도맛집', '#중문맛집색달식당', '#제주갈치조림', '#제주맛집', '#제주도중문맛집', '#제주갈치구이']"
"☀제주의 멋과 맛을 모두 즐기시고 싶다면➩✨제주여행의 후회없는 선택➀제주공항 근처 바닷가 바로 앞 풍경맛집➁해녀가 직접 채집하는제주보말, 제주돼지, 제주비트를 재료로 하는 건강맛집 [한라진칼국수]입니다.✅OPEN 9:00✅CLOSE 16:00✅매주 월요일 정기휴무✈제주시 테우해안로32☏TEL 064.711.8525#한라진칼국수 #제주맛집 #제주맛집추천 #제주도맛집 #제주도맛집추천 #제주공항맛집 #제주공항근처맛집 #보말칼국수 #보말칼국수맛집 #제주보말칼국수 #제주보말칼국수맛집 #돔베고기 #제주가족여행 #제주데이트 #제주점심 #제주도민맛집 #이호테우해변맛집 #애월맛집 #애월해안도로맛집 #제주오션뷰맛집 #함덕맛집 #성산일출봉맛집 #협재맛집 #곽지맛집 #한담맛집 #한림맛집 #제주도여행 #제주여행 #제주핫플 #제주아침식사",2021-08-19,1, ,"['#한라진칼국수', '#제주맛집', '#제주맛집추천', '#제주도맛집', '#제주도맛집추천', '#제주공항맛집', '#제주공항근처맛집', '#보말칼국수', '#보말칼국수맛집', '#제주보말칼국수', '#제주보말칼국수맛집', '#돔베고기', '#제주가족여행', '#제주데이트', '#제주점심', '#제주도민맛집', '#이호테우해변맛집', '#애월맛집', '#애월해안도로맛집', '#제주오션뷰맛집', '#함덕맛집', '#성산일출봉맛집', '#협재맛집', '#곽지맛집', '#한담맛집', '#한림맛집', '#제주도여행', '#제주여행', '#제주핫플', '#제주아침식사']"
#수원맛집 #운동 #런치타임 #냠스타그램 #맛집먹방 #사랑해 #동아대맛집 #새콤달콤 #과천맛집 #신사맛집 #제주도맛집 #신촌맛집 #맛집발견 #황리단길맛집 #애월맛집 #성산맛집 #성산일출봉,2021-08-19,0, ,"['#수원맛집', '#운동', '#런치타임', '#냠스타그램', '#맛집먹방', '#사랑해', '#동아대맛집', '#새콤달콤', '#과천맛집', '#신사맛집', '#제주도맛집', '#신촌맛집', '#맛집발견', '#황리단길맛집', '#애월맛집', '#성산맛집', '#성산일출봉']"
아보카도커피🥑☕아보카도샌드위치🥑🥪,2021-08-19,3, ,[]
이제 슬슬 선선해지고 있다❤️,2021-08-19,231, ,[]
오모나...#헬스 #국내여행 #내사랑 #제주도카페 #다렉 #새벽 #일산 #가족 #카페맛집 #고양이 #제주도맛집 #점심 #코디 #강남맛집 #멍스타그램 #스타일 #여행에미치다 #일상공유 #휴가 #소소한일상 #데일리룩 #홍대맛집 #드라이브코스 #광안리 #핵잼 #사랑꾼 #덩크 #불금 #결혼 #출근,2021-08-19,3, ,"['#헬스', '#국내여행', '#내사랑', '#제주도카페', '#다렉', '#새벽', '#일산', '#가족', '#카페맛집', '#고양이', '#제주도맛집', '#점심', '#코디', '#강남맛집', '#멍스타그램', '#스타일', '#여행에미치다', '#일상공유', '#휴가', '#소소한일상', '#데일리룩', '#홍대맛집', '#드라이브코스', '#광안리', '#핵잼', '#사랑꾼', '#덩크', '#불금', '#결혼', '#출근']"
제주 인생밥집⠀⠀⠀⠀⠀⠀⠀⠀⠀⠀⠀⠀⠀⠀⠀⠀⠀🕚 OPEN - 11:00⠀⠀⠀⠀⠀⠀⠀⠀⠀⠀⠀⠀🕕 CLOSED - 17:00⠀⠀⠀⠀⠀⠀⠀⠀⠀⠀⠀⠀⠀⠀⠀⠀⠀브레이크타임 없어요.⠀⠀⠀⠀⠀⠀⠀⠀⠀⠀⠀⠀⠀⠀⠀⠀⠀예약은 받지 않고 오시는 순서대로 식사가능 하세요.⠀⠀⠀⠀⠀⠀⠀⠀⠀⠀⠀⠀⠀⠀⠀⠀⠀싱싱한 해물과 신선한 야채로 그날 준비한 재료가 소진되면 조기마감 합니다. ⠀⠀⠀⠀⠀⠀⠀⠀⠀⠀⠀⠀⠀⠀⠀⠀⠀⠀⠀⠀⠀⠀⠀⠀⠀⠀⠀⠀⠀⠀⠀⠀⠀⠀🥣전복해물볶음밥 / 전복물회 / 전복딱새우장 정식⠀⠀⠀⠀⠀⠀⠀⠀⠀⠀⠀⠀⠀⠀⠀⠀⠀사는게니나노 ~ ♬인생밥집 010-6501-5073주소는 제주시 한림읍 문교길6 ..⠀⠀⠀⠀⠀⠀⠀⠀⠀⠀⠀⠀⠀⠀⠀⠀⠀🅿️ 무료 공영 주차장 위치!! .⠀⠀⠀⠀⠀⠀⠀⠀⠀⠀⠀⠀⠀⠀⠀⠀⠀🚗 제주시 한림읍 한림리 1197-4🚘 제주시 한림읍 한림리 1198-3🚙 제주시 한림읍 한림리 943-9.걸어서 2분이내 거리에요~♡♡#제주#제주도#jeju#제주살이#제주맛집#제주도맛집#한림맛집#애월맛집#대구맛집 #중문맛집#산방산맛집#월정리#신화월드맛집#제주신혼여행#협재해수욕장근처맛집#협재해변#금능해수욕장#좋아요#일상#일상스타그램#먹스타그램#맛스타그램 #전복장 #딱새우장#제주가족여행 #제주우정여행 #제주혼밥 #협재혼밥,2021-08-19,6, ,"['#제주', '#제주도', '#jeju', '#제주살이', '#제주맛집', '#제주도맛집', '#한림맛집', '#애월맛집', '#대구맛집', '#중문맛집', '#산방산맛집', '#월정리', '#신화월드맛집', '#제주신혼여행', '#협재해수욕장근처맛집', '#협재해변', '#금능해수욕장', '#좋아요', '#일상', '#일상스타그램', '#먹스타그램', '#맛스타그램', '#전복장', '#딱새우장', '#제주가족여행', '#제주우정여행', '#제주혼밥', '#협재혼밥']"
애월 로드129성게크림파스타흑돼지 멘치카츠흑돼지 치즈돈까스흑돼지 고구마치즈돈까스흑돼지 수제돈까스해물야끼소바재료소진시 조기마감전메뉴 포장가능#애월맛집#제주맛집#애월읍맛집#애월항맛집#제주애월점심#애월맛집추천#제주애월맛집#애월점심추천#애월밥집#제주현지인맛집#제주도민추천맛집#제주도현지인맛집#도민맛집#제주혼밥#제주시맛집#제주도맛집#금능맛집#한림맛집#협재맛집#협재해수욕장맛집#곽지해수욕장맛집#더럭분교맛집#애월해안도로#제주서쪽맛집#애월데이트코스#새별오름#애월카페#제주데이트코스,2021-08-19,1, ,"['#애월맛집', '#제주맛집', '#애월읍맛집', '#애월항맛집', '#제주애월점심', '#애월맛집추천', '#제주애월맛집', '#애월점심추천', '#애월밥집', '#제주현지인맛집', '#제주도민추천맛집', '#제주도현지인맛집', '#도민맛집', '#제주혼밥', '#제주시맛집', '#제주도맛집', '#금능맛집', '#한림맛집', '#협재맛집', '#협재해수욕장맛집', '#곽지해수욕장맛집', '#더럭분교맛집', '#애월해안도로', '#제주서쪽맛집', '#애월데이트코스', '#새별오름', '#애월카페', '#제주데이트코스']"
.빨주노초파보 🌈쫀득쫀득 꼬끄에 맛있는 필링🤤✨월정 바다와 함께일 때 더 빛이 나는 무지개 수카롱 ❤️🧡💛💚💙💜제주시 구좌읍 해맞이해안로 406 카페콧수염070-4131-8880매일 모든 메뉴 sold-out 되므로 선착순 판매합니다.예쁜 사진 남겨주셔서 감사합니다 🌷#제주월정리 #세화카페 #제주월정리카페 #서귀포맛집 #제주애견동반 #제주도맛집 #성산일출봉맛집 #제주맛집 #서귀포카페 #제주도카페 #제주카페추천 #제주 #함덕카페 #구좌읍카페 #월정리콧수염 #제주카페투어 #성산카페 #월정리카페콧수염 #월정리맛집 #제주도기념품 #구좌읍맛집 #구좌읍 #월정리카페 #제주시카페 #제주도 #월정리 #제주피크닉 #제주카페 #제주애견동반카페 #제주도마카롱,2021-08-19,1, ,"['#제주월정리', '#세화카페', '#제주월정리카페', '#서귀포맛집', '#제주애견동반', '#제주도맛집', '#성산일출봉맛집', '#제주맛집', '#서귀포카페', '#제주도카페', '#제주카페추천', '#제주', '#함덕카페', '#구좌읍카페', '#월정리콧수염', '#제주카페투어', '#성산카페', '#월정리카페콧수염', '#월정리맛집', '#제주도기념품', '#구좌읍맛집', '#구좌읍', '#월정리카페', '#제주시카페', '#제주도', '#월정리', '#제주피크닉', '#제주카페', '#제주애견동반카페', '#제주도마카롱']"
제주 금능 “율” 크로플바삭바삭한 크로플과 아이스아메리카노는 꿀조합💙꼬마손님들은 무조건 쪼꼬쪼꼬래요🍫부담없는 맛에 심플하고 귀여운 박스포장선물용으로 많이 나가고 있어요 🎁(미리 전화주문 해주시면 시간맞춰 포장해드려요)오후5시 이후에는 전화주문주세요 :)제주시 한림읍 금능 6길 11 (크로플 율),2021-08-19,0, ,[]
제주도 올때마다 항상 들리는 곳 ! 타르트로 시작하깅 ~~~일일일타르해야징 ㅎㅎㅎ 행복해!!#제주도카페#제주도맛집 #제주핫플 #제주공항근처카페 #jeju#jejudo #제주타르트 #제주맛집 #제주카페#타르트맛집 #제주도여행 #제주공항카페 #섬타르#제주선물 #제주카페투어 #제주섬타르왔어요#제주도카페추천 #제주도타르트#제주도카페맛집#제주시카페#제주공항근처맛집#제주도여행#맞팔#좋아요테러#맞팔환영#소통해요#맞팔은댓#댓글놀이,2021-08-19,2, ,"['#제주도카페', '#제주도맛집', '#제주핫플', '#제주공항근처카페', '#jeju', '#jejudo', '#제주타르트', '#제주맛집', '#제주카페', '#타르트맛집', '#제주도여행', '#제주공항카페', '#섬타르', '#제주선물', '#제주카페투어', '#제주섬타르왔어요', '#제주도카페추천', '#제주도타르트', '#제주도카페맛집', '#제주시카페', '#제주공항근처맛집', '#제주도여행', '#맞팔', '#좋아요테러', '#맞팔환영', '#소통해요', '#맞팔은댓', '#댓글놀이']"
"제주에 가신다면 무조건 동귀리갈칫집 다녀와보시길 추천드려요!!생생정보에 나온 맛집인데,갈치구이의 정석을 보여주는 이 곳!두툼한 갈치가 고소하고 입에서 살살 녹아요!튀김으로 나와서 가운데 뼈 빼고 다 먹어도 되서넘넘 편하구 좋아용ㅎㅎㅎ#동귀리갈칫집 #제주맛집#제주시맛집#제주도맛집#노형동맛집#제주공항근처맛집#먹팔#제주도갈치맛집 #먹방꿈나무 #맞팔고 #먹스타그램 #먹방bj #제주도데이트장소 #먹방데이트 #제주무한리필맛집",2021-08-19,207, ,"['#동귀리갈칫집', '#제주맛집', '#제주시맛집', '#제주도맛집', '#노형동맛집', '#제주공항근처맛집', '#먹팔', '#제주도갈치맛집', '#먹방꿈나무', '#맞팔고', '#먹스타그램', '#먹방bj', '#제주도데이트장소', '#먹방데이트', '#제주무한리필맛집']"
🌴🌊,2021-08-19,22, ,[]
"[🇰🇷 #이스방한상]예전에 이 근처를 지나가다 우연히 발견하고 꼭 가봐야지 하고 메모해뒀던 곳🙂전화로 미리 예약을 해야하고, 예약금도 있어요.✔ 작은상 ₩85,000작은상을 주문하면 ➜ 돌문어숙회, 참돔통튀김, 참돔유비끼, 참돔매운탕이 나옵니다🙂사실 시그니쳐(₩110,000)에 나오는 참돔회무침도 먹고싶었지만, 둘이서 시그니쳐는 무리니까😢 작은상으로 주문했어요. 참돔통튀김 등장부터 어마어마해요😳튀겨지는게 분했는지 왠지 빡쳐보이는 참돔씨. 참돔 살이 오동통하고 소스도 맛있어요❤️약간- 교촌치킨 먹을때 그 소스 비슷한데, 이렇게 참돔에 먹으니 넘넘 잘어울려요참돔은 빡쳤지만 저는 행복했어요😆참돔유비끼는 참돔을 살짝 데친 요리예요, 마스까와랑 다른건지, 아직도 헷갈리지만어찌됐든 쫀득한 식감이 넘 좋고 맛있다는거🥰❤️함께 주시는 잼이(샤리)와 함께 먹어도 넘 맛있어요!제주에서 참돔을 실컷 먹고싶다면 추천합니다🙋🏻‍♀️📍 제주도 제주시 용담이동 436📷 iPhone 11 Pro🏷 #munu맛집#munu제주#제주도#제주#제주도여행#제주맛집#제주도맛집#제주살이#제주여행#제주일상#제주가볼만한곳#제주핫플#제주시맛집#서귀포맛집#서귀포#서귀포핫플#맛집투어#맛집추천#맛집스타그램#오늘뭐먹지#먹스타그램#맛스타그램#먹팔#제주참돔#참돔맛집#참돔유비끼",2021-08-19,105, ,"['#이스방한상]예전에', '#munu맛집', '#munu제주', '#제주도', '#제주', '#제주도여행', '#제주맛집', '#제주도맛집', '#제주살이', '#제주여행', '#제주일상', '#제주가볼만한곳', '#제주핫플', '#제주시맛집', '#서귀포맛집', '#서귀포', '#서귀포핫플', '#맛집투어', '#맛집추천', '#맛집스타그램', '#오늘뭐먹지', '#먹스타그램', '#맛스타그램', '#먹팔', '#제주참돔', '#참돔맛집', '#참돔유비끼']"
요즘 정신없이 오픈 준비와 동시에 시작을 하다보니 피드를 계속 못올렸네요~참 많은 분들이 찾아와 주시는데제가 사진한장을 같이 찍지 못해 너무 아쉬워요 ㅠㅠ 유일한 사진중 ㅎㅎ‘책읽어주는남자’전승환 작가님과 가족이 오셨네요~ 너무 귀여운 말광량이 애기천사 함께 했습니다~감사합니다~.🏖#퐁당카레🏖.⏰점심영업 AM 11:30~PM 3:00⏰저녁영업 PM  5:00~PM 8:00🍽마지막주문 PM 2:30/PM 7:30🙇🏾‍♂️재료소진시 조기마감🏖매주 일요일 정기휴무🏡제주시 중앙로1길33 📞Tel : 064-782-8780🚗주차는 산짓물 공영주차장을 이용해 주세요.🔺메뉴소개🔺퐁당카레 - 면력역 증가와 암예방 기억력 증가 치매 예방등 너무 좋은 카레에 제주 흑돼지와 코코넛 밀크가 들어간 태국식 카레이며 아주 크리미 하고 부드러워 순한맛은 이유식을 뗀 유아 부터 먹을수 있으며 한라봉 모양의 강황밥을 더해 건강식을 더 강조했으며 직접기른 애플민트로 데코레이션 했지만 드시진 마세요~^^ 써요 ㅎㅎ 함께 나오는 촉촉한 효모빵은 아보카도 오일과 발사믹 식초에도 어울리지만 카레에 찍어 먹어도 맛있어요~그리고 한국인의 반찬 저희 어머니표 깍두기와디저트로 유기농 제주 제철과일 또는 블루베리 요거트가 제공됩니다.🔸토핑소개🔸1.제주 흑돼지 돈까스 - 두터운 제주 흑돼지 등심 돈까스2.에그카츠 - 영국의 스카치에그 베이스로 제주 흑돼지와 제주 한우를 혼합하여 반숙란를 에워싸고 빵가루로 튀긴 튀김과 타르타르 소스를 찍어 드시면 더욱 맛있습니다3.멘보샤 - 다진 새우살과 식빵의 환상의 콜라보레이션 4.그외 왕새우튀김/프리미엄소세지/야체고로케,2021-08-19,31, ,['#퐁당카레🏖.⏰점심영업']
또 가고싶다 🧊,2021-08-19,0, ,[]
#제주도 #제주도여행 #휴가시작🌴 #제주도맛집 #도두해녀의집 #전복물회 #전복죽 #jmt #먹방스타그램 #먹스타그램 #맛집공유🙆🏻 #제주 #씬난다 #여행잼👍 #나홀로나무 #새별오름 #우유부단카페 #수제초당아스크림#초당옥수수아이스크림 #수제밀크쉐이크 #꼬숩네 #보양식 #여름휴가 #힐링스타그램💕 #럽스타그램❤️ #데이튜❤️💜💙💛 #배터짐주의🐷,2021-08-19,13, ,"['#제주도', '#제주도여행', '#휴가시작🌴', '#제주도맛집', '#도두해녀의집', '#전복물회', '#전복죽', '#jmt', '#먹방스타그램', '#먹스타그램', '#맛집공유🙆🏻', '#제주', '#씬난다', '#여행잼👍', '#나홀로나무', '#새별오름', '#우유부단카페', '#수제초당아스크림', '#초당옥수수아이스크림', '#수제밀크쉐이크', '#꼬숩네', '#보양식', '#여름휴가', '#힐링스타그램💕', '#럽스타그램❤️', '#데이튜❤️💜💙💛', '#배터짐주의🐷']"
"⠀‘돌문어주먹밥’ 🐙주먹밥 위에 마요네즈 뿌려드려용🧡달달구리 간장베이스 소스에 문어를 찹찹 🔪매콤한 떡볶이랑도 잘 어울려용🥰⠀포장은 미리 연락 주시면 시간 맞춰준비해 놓을게요🌼⠀네이버에 ‘제주해더’ ‘해더’ 검색하시면더 많은 정보 확인 가능하셔요💛⠀🏡 제주시 구좌읍 한동로6길 8, 해더☎️ 네이버에 ‘제주해더’ 검색해주세요!⏱ 화-토 11:00-4:30, 일-월 휴무⠀⠀⠀⠀⠀#제주도 #제주도맛집 #세화맛집 #구좌읍맛집 #구좌읍 #떡볶이 #카츠산도 #당근주스 #평대맛집 #돌문어주먹밥 #돌문어 #주먹밥#하도맛집 #김녕맛집 #제주 #제주여행 #제주살이 #헤더 #행원맛집#제주한달살이 #한동리 #카페해더 #제주신상카페#제주해더 #제주동쪽가볼만한곳 #제주도예쁜카페 #제주도코스제주여행추천 #해더⠀⠀⠀",2021-08-19,10, ,"['#제주도', '#제주도맛집', '#세화맛집', '#구좌읍맛집', '#구좌읍', '#떡볶이', '#카츠산도', '#당근주스', '#평대맛집', '#돌문어주먹밥', '#돌문어', '#주먹밥', '#하도맛집', '#김녕맛집', '#제주', '#제주여행', '#제주살이', '#헤더', '#행원맛집', '#제주한달살이', '#한동리', '#카페해더', '#제주신상카페', '#제주해더', '#제주동쪽가볼만한곳', '#제주도예쁜카페', '#제주도코스제주여행추천', '#해더⠀⠀⠀']"
아오  맛있다....#김녕맛집 #김녕해수욕장 #김녕햄바그집 #제주도여행 #제주도맛집 #휴가 #좋반,2021-08-19,18, ,"['#김녕맛집', '#김녕해수욕장', '#김녕햄바그집', '#제주도여행', '#제주도맛집', '#휴가', '#좋반']"
애월 로드129성게크림파스타흑돼지 멘치카츠흑돼지 치즈돈까스흑돼지 고구마치즈돈까스흑돼지 수제돈까스해물야끼소바재료소진시 조기마감전메뉴 포장가능#애월맛집#제주맛집#애월읍맛집#애월항맛집#제주애월점심#애월맛집추천#제주애월맛집#애월점심추천#애월밥집#제주현지인맛집#제주도민추천맛집#제주도현지인맛집#도민맛집#제주혼밥#제주시맛집#제주도맛집#제주도민맛집#금능맛집#한림맛집#협재맛집#협재해수욕장맛집#곽지해수욕장맛집#더럭분교맛집#애월해안도로#제주서쪽맛집#애월데이트코스#새별오름#애월카페#제주데이트코스,2021-08-19,저 좋아요를 눌러보세, ,"['#애월맛집', '#제주맛집', '#애월읍맛집', '#애월항맛집', '#제주애월점심', '#애월맛집추천', '#제주애월맛집', '#애월점심추천', '#애월밥집', '#제주현지인맛집', '#제주도민추천맛집', '#제주도현지인맛집', '#도민맛집', '#제주혼밥', '#제주시맛집', '#제주도맛집', '#제주도민맛집', '#금능맛집', '#한림맛집', '#협재맛집', '#협재해수욕장맛집', '#곽지해수욕장맛집', '#더럭분교맛집', '#애월해안도로', '#제주서쪽맛집', '#애월데이트코스', '#새별오름', '#애월카페', '#제주데이트코스']"
애월 로드129성게크림파스타흑돼지 멘치카츠흑돼지 치즈돈까스흑돼지 고구마치즈돈까스흑돼지 수제돈까스해물야끼소바재료소진시 조기마감전메뉴 포장가능#애월맛집#제주맛집#애월읍맛집#애월항맛집#제주애월점심#애월맛집추천#제주애월맛집#애월점심추천#애월밥집#제주현지인맛집#제주도민추천맛집#제주도현지인맛집#도민맛집#제주혼밥#제주시맛집#제주도맛집#금능맛집#한림맛집#협재맛집#협재해수욕장맛집#곽지해수욕장맛집#더럭분교맛집#애월해안도로#제주서쪽맛집#애월데이트코스#새별오름#애월카페,2021-08-19,저 좋아요를 눌러보세, ,"['#애월맛집', '#제주맛집', '#애월읍맛집', '#애월항맛집', '#제주애월점심', '#애월맛집추천', '#제주애월맛집', '#애월점심추천', '#애월밥집', '#제주현지인맛집', '#제주도민추천맛집', '#제주도현지인맛집', '#도민맛집', '#제주혼밥', '#제주시맛집', '#제주도맛집', '#금능맛집', '#한림맛집', '#협재맛집', '#협재해수욕장맛집', '#곽지해수욕장맛집', '#더럭분교맛집', '#애월해안도로', '#제주서쪽맛집', '#애월데이트코스', '#새별오름', '#애월카페']"
#오늘제주 비는 내일부터 온다더니갑자기 주륵주륵 내리기 시작하는 비🌧이런날은 역시 배달이쥬?매장 전화주시면 전 메뉴 배달 가능!내일부턴 배민에서도 편리하게 국수나무를 만나보실 수 있어요🤗 #국수나무 #국수나무노형점 #제주맛집 #노형동맛집 #제주도맛집 #오늘뭐먹지 #노형동맛집추천 #제주국수맛집 #제주돈까스맛집 #제주 #제주살이 #제주가볼만한곳 #노형동가성비맛집 #제주가성비맛집 #제주도민맛집 #제주도민추천맛집 #제주국수나무 #국수나무노형점 #선팔 #맞팔,2021-08-19,0, ,"['#오늘제주', '#국수나무', '#국수나무노형점', '#제주맛집', '#노형동맛집', '#제주도맛집', '#오늘뭐먹지', '#노형동맛집추천', '#제주국수맛집', '#제주돈까스맛집', '#제주', '#제주살이', '#제주가볼만한곳', '#노형동가성비맛집', '#제주가성비맛집', '#제주도민맛집', '#제주도민추천맛집', '#제주국수나무', '#국수나무노형점', '#선팔', '#맞팔']"
애월 로드129성게크림파스타흑돼지 멘치카츠흑돼지 치즈돈까스흑돼지 고구마치즈돈까스흑돼지 수제돈까스해물야끼소바재료소진시 조기마감전메뉴 포장가능#애월맛집#제주맛집#애월읍맛집#애월항맛집#제주애월점심#애월맛집추천#제주애월맛집#애월점심추천#애월밥집#제주현지인맛집#제주도민추천맛집#제주도현지인맛집#도민맛집#제주혼밥#제주시맛집#제주도맛집#금능맛집#한림맛집#협재맛집#협재해수욕장맛집#곽지해수욕장맛집#더럭분교맛집#애월해안도로#제주서쪽맛집#애월데이트코스#새별오름#애월카페#제주데이트코스,2021-08-19,저 좋아요를 눌러보세, ,"['#애월맛집', '#제주맛집', '#애월읍맛집', '#애월항맛집', '#제주애월점심', '#애월맛집추천', '#제주애월맛집', '#애월점심추천', '#애월밥집', '#제주현지인맛집', '#제주도민추천맛집', '#제주도현지인맛집', '#도민맛집', '#제주혼밥', '#제주시맛집', '#제주도맛집', '#금능맛집', '#한림맛집', '#협재맛집', '#협재해수욕장맛집', '#곽지해수욕장맛집', '#더럭분교맛집', '#애월해안도로', '#제주서쪽맛집', '#애월데이트코스', '#새별오름', '#애월카페', '#제주데이트코스']"
비오는거 너무 좋아하는 1인🌧오늘도 오픈하였습니다! 매장엔 구움과자 냄새로 가득합니다! 😌〰️🤍- 에그타르트- 고메버터스콘- 초코칩스콘- 누텔라바나나스콘- 애플망고쇼트케이크- 청포도더블치즈타르트- 초코바나나케이크- 오리지널르뱅쿠키오랜만에 나오는 앙버터다쿠아즈까지!가득 준비해보았습니다! 비오는날은 카페지~~ 😚😚모든디저트 포장가능합니다 🧚🏻‍♂️ 주문및 케이크 문의는 DM이나 064.758.6399로 연락주세요 : ) 🤍#instaselfie #instagood #fashion #제주디저트맛집 #좋아요 #좋아요반사 #선팔 #맞팔 #인스타그램 #jejuisland #제주 #jeju #제주시청 #济州岛美食店 #제주도민 #제주시청맛집 #제주시청카페 #제주시카페 #리유니온 #리유니온제주 #리유니온재회 #제주도여행 #제주카페 #제주도맛집 #먹스타그램 #먹팔 #제주시카페,2021-08-19,41, ,"['#instaselfie', '#instagood', '#fashion', '#제주디저트맛집', '#좋아요', '#좋아요반사', '#선팔', '#맞팔', '#인스타그램', '#jejuisland', '#제주', '#jeju', '#제주시청', '#济州岛美食店', '#제주도민', '#제주시청맛집', '#제주시청카페', '#제주시카페', '#리유니온', '#리유니온제주', '#리유니온재회', '#제주도여행', '#제주카페', '#제주도맛집', '#먹스타그램', '#먹팔', '#제주시카페']"
제주에서만 먹을수 있는 모당모당김밥이랑 라면도 넘 맛있네~#제주분식 #제주맛집...#제주동문시장#제주공항맛집#제주시청맛집#제주공항근처맛집#연동카페#제주도맛집#연동제주분식#제주도그램#노형동카페#제주도여행,2021-08-19,211, ,"['#제주분식', '#제주맛집...', '#제주동문시장', '#제주공항맛집', '#제주시청맛집', '#제주공항근처맛집', '#연동카페', '#제주도맛집', '#연동제주분식', '#제주도그램', '#노형동카페', '#제주도여행']"
아직도 제주도 사진 한가득😄,2021-08-19,32, ,[]
오묘하고 신비로운 인스밀🍨넘흐 내스타일🌾🍃🌴...#제주카페 #서귀포카페 #인스밀 #카페스타그램 #카페추천 #카페그램 #제주도카페 #제주도여행 #제주도맛집 #제주도가볼만한곳 #제주도핫플레이스 #제주도그램 #제주도날씨 #여행 #여행스타그램 #주말여행 #여행중 #여행그램 #제주도여행중 #제주도여행지추천 #셀카 #셀피 #셀스타그램 #셀카그램 #셀카스타그램 #셀카놀이 #ootd #ootdfashion #ootdstyle #일상,2021-08-19,25, ,"['#제주카페', '#서귀포카페', '#인스밀', '#카페스타그램', '#카페추천', '#카페그램', '#제주도카페', '#제주도여행', '#제주도맛집', '#제주도가볼만한곳', '#제주도핫플레이스', '#제주도그램', '#제주도날씨', '#여행', '#여행스타그램', '#주말여행', '#여행중', '#여행그램', '#제주도여행중', '#제주도여행지추천', '#셀카', '#셀피', '#셀스타그램', '#셀카그램', '#셀카스타그램', '#셀카놀이', '#ootd', '#ootdfashion', '#ootdstyle', '#일상']"
#대평흑돼지 #대평연탄구이 아름다운  안덕대평입니다~#박수기정 #대평흑돼지 정상영업합니다~^^....#제주도흑돼지 #흑돼지 #흑돼지맛집 #산방산맛집#제주 #제주도 #제주여행 #제주도여행 #대평리 #중문 #중문맛집 #서귀포맛집 #제주술집 #제주도술집 #제주맛집 #제주도맛집 #대평흑돼지 #대평연탄구이 #제주카페 #제주가볼만한곳 #제주추천 #제주도민 #제주살이,2021-08-19,22, ,"['#대평흑돼지', '#대평연탄구이', '#박수기정', '#대평흑돼지', '#제주도흑돼지', '#흑돼지', '#흑돼지맛집', '#산방산맛집', '#제주', '#제주도', '#제주여행', '#제주도여행', '#대평리', '#중문', '#중문맛집', '#서귀포맛집', '#제주술집', '#제주도술집', '#제주맛집', '#제주도맛집', '#대평흑돼지', '#대평연탄구이', '#제주카페', '#제주가볼만한곳', '#제주추천', '#제주도민', '#제주살이']"
애월 로드129성게크림파스타흑돼지 멘치카츠흑돼지 치즈돈까스흑돼지 고구마치즈돈까스흑돼지 수제돈까스해물야끼소바재료소진시 조기마감전메뉴 포장가능#애월맛집#제주맛집#애월읍맛집#애월항맛집#제주애월점심#애월맛집추천#제주애월맛집#애월점심추천#애월밥집#제주현지인맛집#제주도민추천맛집#제주도현지인맛집#도민맛집#제주혼밥#제주시맛집#제주도맛집#제주도민맛집#금능맛집#한림맛집#협재맛집#협재해수욕장맛집#곽지해수욕장맛집#더럭분교맛집#애월해안도로#제주서쪽맛집#애월데이트코스#새별오름#애월카페#제주데이트코스,2021-08-19,저 좋아요를 눌러보세, ,"['#애월맛집', '#제주맛집', '#애월읍맛집', '#애월항맛집', '#제주애월점심', '#애월맛집추천', '#제주애월맛집', '#애월점심추천', '#애월밥집', '#제주현지인맛집', '#제주도민추천맛집', '#제주도현지인맛집', '#도민맛집', '#제주혼밥', '#제주시맛집', '#제주도맛집', '#제주도민맛집', '#금능맛집', '#한림맛집', '#협재맛집', '#협재해수욕장맛집', '#곽지해수욕장맛집', '#더럭분교맛집', '#애월해안도로', '#제주서쪽맛집', '#애월데이트코스', '#새별오름', '#애월카페', '#제주데이트코스']"
제주도에 이렇게 맛있는 해물들을 접할 수 있는 곳이 있다니. 이때까지 몰랐던 저를 혼내고싶을 정도로맛있는 곳이에요! 제주바다해찬#협재맛집#한림맛집#애월맛집#서귀포맛집#제주도맛집#제주맛집바다해찬#애월가볼만한곳#협재가볼만한곳#한림가볼만한곳,2021-08-19,저 좋아요를 눌러보세, ,"['#협재맛집', '#한림맛집', '#애월맛집', '#서귀포맛집', '#제주도맛집', '#제주맛집바다해찬', '#애월가볼만한곳', '#협재가볼만한곳', '#한림가볼만한곳']"
"함덕해수욕장에서 차타고 1-2분거리 한번에 다섯가지를 먹을 수 있는 곳후식으로 우도땅콩아이스림까지 !!메뉴 : 안녕제주한상, 한라산을 품다, 뿔소라전복비빔밥, 뿔소라국수, 전복죽, 어린이한상위치 : 함덕 18길19영업시간 : 오전10시~오후7시20분함덕 맛집 안녕제주 많은 방문 부탁드립니다~ㅎㅎ#제주도 #제주도핫플 #제주맛집 #제주도맛집 #제주도현지인맛집 #제주현지인맛집 #제주현지인추천맛집 #함덕 #함덕맛집 #함덕해수욕장근처맛집 #함덕해변 #함덕해수욕장맛집 #함덕카페 #함덕소노벨리조트 #제주도여행 #제주도민맛집 #흑돼지 #우도땅콩아이스크림 #먹방 #함덕맛집탐방 #혼밥스타그램 #안녕제주 #함덕혼밥 #함덕해수욕장 #함덕현지인맛집 #함덕맛집추천 #제주함덕맛집 #함덕전복죽 #함덕어린이메뉴",2021-08-19,1, ,"['#제주도', '#제주도핫플', '#제주맛집', '#제주도맛집', '#제주도현지인맛집', '#제주현지인맛집', '#제주현지인추천맛집', '#함덕', '#함덕맛집', '#함덕해수욕장근처맛집', '#함덕해변', '#함덕해수욕장맛집', '#함덕카페', '#함덕소노벨리조트', '#제주도여행', '#제주도민맛집', '#흑돼지', '#우도땅콩아이스크림', '#먹방', '#함덕맛집탐방', '#혼밥스타그램', '#안녕제주', '#함덕혼밥', '#함덕해수욕장', '#함덕현지인맛집', '#함덕맛집추천', '#제주함덕맛집', '#함덕전복죽', '#함덕어린이메뉴']"
😋........#제주도맛집#고등어쌈밥#간장게장#맛집#제주도#맛집탐방,2021-08-19,9, ,"['#제주도맛집', '#고등어쌈밥', '#간장게장', '#맛집', '#제주도', '#맛집탐방']"
"함덕해수욕장에서 차타고 1-2분거리 한번에 다섯가지를 먹을 수 있는 곳후식으로 우도땅콩아이스림까지 !!메뉴 : 안녕제주한상, 한라산을 품다, 뿔소라전복비빔밥, 뿔소라국수, 전복죽, 어린이한상위치 : 함덕 18길19영업시간 : 오전10시~오후7시20분함덕 맛집 안녕제주 많은 방문 부탁드립니다~ㅎㅎ#제주도 #제주도핫플 #제주맛집 #제주도맛집 #제주도현지인맛집 #제주현지인맛집 #제주현지인추천맛집 #함덕 #함덕맛집 #함덕해수욕장근처맛집 #함덕해변 #함덕해수욕장맛집 #함덕카페 #함덕소노벨리조트 #제주도여행 #제주도민맛집 #흑돼지 #우도땅콩아이스크림 #먹방 #함덕맛집탐방 #혼밥스타그램 #안녕제주 #함덕혼밥 #함덕해수욕장 #함덕현지인맛집 #함덕맛집추천 #제주함덕맛집 #함덕전복죽 #함덕어린이메뉴",2021-08-19,1, ,"['#제주도', '#제주도핫플', '#제주맛집', '#제주도맛집', '#제주도현지인맛집', '#제주현지인맛집', '#제주현지인추천맛집', '#함덕', '#함덕맛집', '#함덕해수욕장근처맛집', '#함덕해변', '#함덕해수욕장맛집', '#함덕카페', '#함덕소노벨리조트', '#제주도여행', '#제주도민맛집', '#흑돼지', '#우도땅콩아이스크림', '#먹방', '#함덕맛집탐방', '#혼밥스타그램', '#안녕제주', '#함덕혼밥', '#함덕해수욕장', '#함덕현지인맛집', '#함덕맛집추천', '#제주함덕맛집', '#함덕전복죽', '#함덕어린이메뉴']"
현지에 사는 지인들 소개로 알게 된 곳인데 정말 생각이상으로 만족했던 곳이에요다음에 꼭 가족들 데리고 여행 올때 꼭 먹으러 가야겠네욧#제주갈치조림맛집 #색달식당중문본점...#제주도갈치조림#서귀포갈치조림#제주여행#중문맛집색달식당#서귀포맛집#제주중문맛집#제주도맛집#제주갈치조림#제주맛집,2021-08-19,저 좋아요를 눌러보세, ,"['#제주갈치조림맛집', '#색달식당중문본점...', '#제주도갈치조림', '#서귀포갈치조림', '#제주여행', '#중문맛집색달식당', '#서귀포맛집', '#제주중문맛집', '#제주도맛집', '#제주갈치조림', '#제주맛집']"
귀여운 프린트의 티셔츠가 소량 입고 되었어요🧡이제 F/W 신상 니트들을 바잉하고 있는데 제주도는 10월까지도 반팔 찾으시는 손님들이 계셔서 반팔도 계속 바잉하고 있답니다*제주아이카페도 활짝 오픈했어요*신선한 재료로 만듭니다#제주도맛집 #제주도가볼만한곳 #성산일출봉카페 #성산일출봉 #성산일출봉맛집 #제주도여행 #제주도기념품샵 #한라봉아이스크림 #한라봉스무디 #한라봉주스 #광치기해변 #제주도핫플레이스 #빛의벙커맛집 #아쿠아플라넷 #제주도쇼핑 #성산일출봉쇼핑#제주아이카페 #제주i #하리보목걸이 #원피스,2021-08-19,111, ,"['#제주도맛집', '#제주도가볼만한곳', '#성산일출봉카페', '#성산일출봉', '#성산일출봉맛집', '#제주도여행', '#제주도기념품샵', '#한라봉아이스크림', '#한라봉스무디', '#한라봉주스', '#광치기해변', '#제주도핫플레이스', '#빛의벙커맛집', '#아쿠아플라넷', '#제주도쇼핑', '#성산일출봉쇼핑', '#제주아이카페', '#제주i', '#하리보목걸이', '#원피스']"
#제주도맛집 #맛난다그램 #젊줌마 #핵꿀맛 #영대맛집 #송도신도시맛집 #부산맛집 #양산맛집 #먹방스타그램?? #치킨스타그램 #안주빨 #요리하는엄마 #압구정동맛집 #피부관리 #무거동맛집 #데일리 #운동스타그램 #성산일출봉 #황리단길맛집 #성산맛집 #애월맛집,2021-08-19,0, ,"['#제주도맛집', '#맛난다그램', '#젊줌마', '#핵꿀맛', '#영대맛집', '#송도신도시맛집', '#부산맛집', '#양산맛집', '#먹방스타그램??', '#치킨스타그램', '#안주빨', '#요리하는엄마', '#압구정동맛집', '#피부관리', '#무거동맛집', '#데일리', '#운동스타그램', '#성산일출봉', '#황리단길맛집', '#성산맛집', '#애월맛집']"
".옥상엔 빈백 정원! 🌤🌊1,2층은 월정 바다가 한눈에 보이는 실내 좌석과 야외 테라스곳곳에 있는 인생샷 포토존까지 즐겨보세요 📸😉제주시 구좌읍 해맞이해안로 406 카페콧수염070-4131-8880예쁜 사진 남겨주셔서 감사합니다 🌷방문해주신 모든 분들께 감사드립니다#제주여행 #제주도여행 #제주 #제주시카페 #제주도마카롱 #서귀포맛집 #제주도맛집 #제주월정리카페 #함덕해수욕장 #제주맛집 #성산일출봉맛집 #월정리 #제주카페 #제주해안도로 #제주도 #월정리콧수염 #제주도카페 #제주월정리 #월정리카페콧수염 #제주카페추천 #월정리카페 #구좌읍카페 #제주마카롱맛집 #월정리해수욕장 #월정리맛집 #구좌읍맛집 #세화카페 #성산맛집 #제주도기념품 #제주도선물",2021-08-19,1, ,"['#제주여행', '#제주도여행', '#제주', '#제주시카페', '#제주도마카롱', '#서귀포맛집', '#제주도맛집', '#제주월정리카페', '#함덕해수욕장', '#제주맛집', '#성산일출봉맛집', '#월정리', '#제주카페', '#제주해안도로', '#제주도', '#월정리콧수염', '#제주도카페', '#제주월정리', '#월정리카페콧수염', '#제주카페추천', '#월정리카페', '#구좌읍카페', '#제주마카롱맛집', '#월정리해수욕장', '#월정리맛집', '#구좌읍맛집', '#세화카페', '#성산맛집', '#제주도기념품', '#제주도선물']"
#로드129 👉흑돼지치즈돈까스👉제주산 흑돼지함박스테이크👉흑돼지돈까스👉성게크림파스타👉해물야끼소바몽상드애월 도보10분🏃‍♂️--#애월맛집#제주맛집#제주도가볼만한곳#제주핫플#제주도먹방#서귀포맛집#산방산맛집#제주도맛집#제주여행#제주도여행#제주도#애월#협재맛집#제주도맛집추천#동문시장#제주#사계해변 #이호테우해변#새별오름#제주도휴가#제주도#곽지해수욕장#제주공항맛집#협재해수욕장#애월카페#road129,2021-08-19,2, ,"['#로드129', '#애월맛집', '#제주맛집', '#제주도가볼만한곳', '#제주핫플', '#제주도먹방', '#서귀포맛집', '#산방산맛집', '#제주도맛집', '#제주여행', '#제주도여행', '#제주도', '#애월', '#협재맛집', '#제주도맛집추천', '#동문시장', '#제주', '#사계해변', '#이호테우해변', '#새별오름', '#제주도휴가', '#제주도', '#곽지해수욕장', '#제주공항맛집', '#협재해수욕장', '#애월카페', '#road129']"
충분히 보고 충분히 실행해 보고 충분히 활용 해 보세요. http://posting-king.shop #메뉴개발 #무료창업 #창업스타그램 #시니어창업 #외식 #떡볶이맛집 #강남역맛집 #동성로맛집 #서귀포맛집 #분당맛집 #경성대맛집 #디저트맛집 #건대맛집 #천안맛집 #상수맛집 #홍대맛집 #이태원맛집 #부산맛집 #맛집스타그램 #제주도맛집 #대구맛집 #서울맛집 #해운대맛집 #제주맛집 #맛집탐방,2021-08-19,4, ,"['#메뉴개발', '#무료창업', '#창업스타그램', '#시니어창업', '#외식', '#떡볶이맛집', '#강남역맛집', '#동성로맛집', '#서귀포맛집', '#분당맛집', '#경성대맛집', '#디저트맛집', '#건대맛집', '#천안맛집', '#상수맛집', '#홍대맛집', '#이태원맛집', '#부산맛집', '#맛집스타그램', '#제주도맛집', '#대구맛집', '#서울맛집', '#해운대맛집', '#제주맛집', '#맛집탐방']"
".제주의 밤은 여기서 마무리하기로‼숙박가능한 갬성흑돼지맛집 #마녀상회 ✨⠀비,바람에도 문제없는 야외 흑돼지파티 뿌수고바로 앞 #아는형님게스트하우스 에서 숙박까지!!마당엔 귀욤뽀작 포니2마리와 사진도 찍자노을뷰의 분위기맛집 흑돼지맛집에서 하루 마무리 콜?!⠀@@우리 흑돼지뿌수고 여기서 숙박 ㄱㄱ📍위치 : 서귀포 대정읍 무릉사장로 154📍운영시간 : 16:00-22:00(재료소진시 조기마감)👉🏻 @jeju_masang⠀...#제주여행 #제주바다 #제주도여행#제주맛집 #제주도맛집 #제주맛집추천#제주도맛집추천 #제주흑돼지 #제주흑돼지맛집#제주도흑돼지 #제주도흑돼지맛집 #서귀포맛집#서귀포흑돼지 #서귀포흑돼지맛집 #제주맛집투어#제주가볼만한곳 #제주도가볼만한곳 #제주살이#제주도맛집여행 #제주숙소 #신화월드맛집",2021-08-19,저 좋아요를 눌러보세, ,"['#마녀상회', '#아는형님게스트하우스', '#제주여행', '#제주바다', '#제주도여행', '#제주맛집', '#제주도맛집', '#제주맛집추천', '#제주도맛집추천', '#제주흑돼지', '#제주흑돼지맛집', '#제주도흑돼지', '#제주도흑돼지맛집', '#서귀포맛집', '#서귀포흑돼지', '#서귀포흑돼지맛집', '#제주맛집투어', '#제주가볼만한곳', '#제주도가볼만한곳', '#제주살이', '#제주도맛집여행', '#제주숙소', '#신화월드맛집']"
".제주의 밤은 여기서 마무리하기로‼숙박가능한 갬성흑돼지맛집 #마녀상회 ✨⠀비,바람에도 문제없는 야외 흑돼지파티 뿌수고바로 앞 #아는형님게스트하우스 에서 숙박까지!!마당엔 귀욤뽀작 포니2마리와 사진도 찍자노을뷰의 분위기맛집 흑돼지맛집에서 하루 마무리 콜?!⠀@@우리 흑돼지뿌수고 여기서 숙박 ㄱㄱ📍위치 : 서귀포 대정읍 무릉사장로 154📍운영시간 : 16:00-22:00(재료소진시 조기마감)👉🏻 @jeju_masang⠀...#제주여행 #제주바다 #제주도여행#제주맛집 #제주도맛집 #제주맛집추천#제주도맛집추천 #제주흑돼지 #제주흑돼지맛집#제주도흑돼지 #제주도흑돼지맛집 #서귀포맛집#서귀포흑돼지 #서귀포흑돼지맛집 #제주맛집투어#제주가볼만한곳 #제주도가볼만한곳 #제주살이#제주도맛집여행 #제주숙소 #신화월드맛집",2021-08-19,1, ,"['#마녀상회', '#아는형님게스트하우스', '#제주여행', '#제주바다', '#제주도여행', '#제주맛집', '#제주도맛집', '#제주맛집추천', '#제주도맛집추천', '#제주흑돼지', '#제주흑돼지맛집', '#제주도흑돼지', '#제주도흑돼지맛집', '#서귀포맛집', '#서귀포흑돼지', '#서귀포흑돼지맛집', '#제주맛집투어', '#제주가볼만한곳', '#제주도가볼만한곳', '#제주살이', '#제주도맛집여행', '#제주숙소', '#신화월드맛집']"
".제주의 밤은 여기서 마무리하기로‼숙박가능한 갬성흑돼지맛집 #마녀상회 ✨⠀비,바람에도 문제없는 야외 흑돼지파티 뿌수고바로 앞 #아는형님게스트하우스 에서 숙박까지!!마당엔 귀욤뽀작 포니2마리와 사진도 찍자노을뷰의 분위기맛집 흑돼지맛집에서 하루 마무리 콜?!⠀@@우리 흑돼지뿌수고 여기서 숙박 ㄱㄱ📍위치 : 서귀포 대정읍 무릉사장로 154📍운영시간 : 16:00-22:00(재료소진시 조기마감)👉🏻 @jeju_masang⠀...#제주여행 #제주바다 #제주도여행#제주맛집 #제주도맛집 #제주맛집추천#제주도맛집추천 #제주흑돼지 #제주흑돼지맛집#제주도흑돼지 #제주도흑돼지맛집 #서귀포맛집#서귀포흑돼지 #서귀포흑돼지맛집 #제주맛집투어#제주가볼만한곳 #제주도가볼만한곳 #제주살이#제주도맛집여행 #제주숙소 #신화월드맛집",2021-08-19,1, ,"['#마녀상회', '#아는형님게스트하우스', '#제주여행', '#제주바다', '#제주도여행', '#제주맛집', '#제주도맛집', '#제주맛집추천', '#제주도맛집추천', '#제주흑돼지', '#제주흑돼지맛집', '#제주도흑돼지', '#제주도흑돼지맛집', '#서귀포맛집', '#서귀포흑돼지', '#서귀포흑돼지맛집', '#제주맛집투어', '#제주가볼만한곳', '#제주도가볼만한곳', '#제주살이', '#제주도맛집여행', '#제주숙소', '#신화월드맛집']"
".제주의 밤은 여기서 마무리하기로‼숙박가능한 갬성흑돼지맛집 #마녀상회 ✨⠀비,바람에도 문제없는 야외 흑돼지파티 뿌수고바로 앞 #아는형님게스트하우스 에서 숙박까지!!마당엔 귀욤뽀작 포니2마리와 사진도 찍자노을뷰의 분위기맛집 흑돼지맛집에서 하루 마무리 콜?!⠀@@우리 흑돼지뿌수고 여기서 숙박 ㄱㄱ📍위치 : 서귀포 대정읍 무릉사장로 154📍운영시간 : 16:00-22:00(재료소진시 조기마감)👉🏻 @jeju_masang⠀...#제주여행 #제주바다 #제주도여행#제주맛집 #제주도맛집 #제주맛집추천#제주도맛집추천 #제주흑돼지 #제주흑돼지맛집#제주도흑돼지 #제주도흑돼지맛집 #서귀포맛집#서귀포흑돼지 #서귀포흑돼지맛집 #제주맛집투어#제주가볼만한곳 #제주도가볼만한곳 #제주살이#제주도맛집여행 #제주숙소 #신화월드맛집",2021-08-19,4, ,"['#마녀상회', '#아는형님게스트하우스', '#제주여행', '#제주바다', '#제주도여행', '#제주맛집', '#제주도맛집', '#제주맛집추천', '#제주도맛집추천', '#제주흑돼지', '#제주흑돼지맛집', '#제주도흑돼지', '#제주도흑돼지맛집', '#서귀포맛집', '#서귀포흑돼지', '#서귀포흑돼지맛집', '#제주맛집투어', '#제주가볼만한곳', '#제주도가볼만한곳', '#제주살이', '#제주도맛집여행', '#제주숙소', '#신화월드맛집']"
".제주의 밤은 여기서 마무리하기로‼숙박가능한 갬성흑돼지맛집 #마녀상회 ✨⠀비,바람에도 문제없는 야외 흑돼지파티 뿌수고바로 앞 #아는형님게스트하우스 에서 숙박까지!!마당엔 귀욤뽀작 포니2마리와 사진도 찍자노을뷰의 분위기맛집 흑돼지맛집에서 하루 마무리 콜?!⠀@@우리 흑돼지뿌수고 여기서 숙박 ㄱㄱ📍위치 : 서귀포 대정읍 무릉사장로 154📍운영시간 : 16:00-22:00(재료소진시 조기마감)👉🏻 @jeju_masang⠀...#제주여행 #제주바다 #제주도여행#제주맛집 #제주도맛집 #제주맛집추천#제주도맛집추천 #제주흑돼지 #제주흑돼지맛집#제주도흑돼지 #제주도흑돼지맛집 #서귀포맛집#서귀포흑돼지 #서귀포흑돼지맛집 #제주맛집투어#제주가볼만한곳 #제주도가볼만한곳 #제주살이#제주도맛집여행 #제주숙소 #신화월드맛집",2021-08-19,1, ,"['#마녀상회', '#아는형님게스트하우스', '#제주여행', '#제주바다', '#제주도여행', '#제주맛집', '#제주도맛집', '#제주맛집추천', '#제주도맛집추천', '#제주흑돼지', '#제주흑돼지맛집', '#제주도흑돼지', '#제주도흑돼지맛집', '#서귀포맛집', '#서귀포흑돼지', '#서귀포흑돼지맛집', '#제주맛집투어', '#제주가볼만한곳', '#제주도가볼만한곳', '#제주살이', '#제주도맛집여행', '#제주숙소', '#신화월드맛집']"
".제주의 밤은 여기서 마무리하기로‼숙박가능한 갬성흑돼지맛집 #마녀상회 ✨⠀비,바람에도 문제없는 야외 흑돼지파티 뿌수고바로 앞 #아는형님게스트하우스 에서 숙박까지!!마당엔 귀욤뽀작 포니2마리와 사진도 찍자노을뷰의 분위기맛집 흑돼지맛집에서 하루 마무리 콜?!⠀@@우리 흑돼지뿌수고 여기서 숙박 ㄱㄱ📍위치 : 서귀포 대정읍 무릉사장로 154📍운영시간 : 16:00-22:00(재료소진시 조기마감)👉🏻 @jeju_masang⠀...#제주여행 #제주바다 #제주도여행#제주맛집 #제주도맛집 #제주맛집추천#제주도맛집추천 #제주흑돼지 #제주흑돼지맛집#제주도흑돼지 #제주도흑돼지맛집 #서귀포맛집#서귀포흑돼지 #서귀포흑돼지맛집 #제주맛집투어#제주가볼만한곳 #제주도가볼만한곳 #제주살이#제주도맛집여행 #제주숙소 #신화월드맛집",2021-08-19,3, ,"['#마녀상회', '#아는형님게스트하우스', '#제주여행', '#제주바다', '#제주도여행', '#제주맛집', '#제주도맛집', '#제주맛집추천', '#제주도맛집추천', '#제주흑돼지', '#제주흑돼지맛집', '#제주도흑돼지', '#제주도흑돼지맛집', '#서귀포맛집', '#서귀포흑돼지', '#서귀포흑돼지맛집', '#제주맛집투어', '#제주가볼만한곳', '#제주도가볼만한곳', '#제주살이', '#제주도맛집여행', '#제주숙소', '#신화월드맛집']"
"나는 주로 추억과 야식을 먹고 살지 ,,,",2021-08-19,20, ,[]
".제주의 밤은 여기서 마무리하기로‼숙박가능한 갬성흑돼지맛집 #마녀상회 ✨⠀비,바람에도 문제없는 야외 흑돼지파티 뿌수고바로 앞 #아는형님게스트하우스 에서 숙박까지!!마당엔 귀욤뽀작 포니2마리와 사진도 찍자노을뷰의 분위기맛집 흑돼지맛집에서 하루 마무리 콜?!⠀@@우리 흑돼지뿌수고 여기서 숙박 ㄱㄱ📍위치 : 서귀포 대정읍 무릉사장로 154📍운영시간 : 16:00-22:00(재료소진시 조기마감)👉🏻 @jeju_masang⠀...#제주여행 #제주바다 #제주도여행#제주맛집 #제주도맛집 #제주맛집추천#제주도맛집추천 #제주흑돼지 #제주흑돼지맛집#제주도흑돼지 #제주도흑돼지맛집 #서귀포맛집#서귀포흑돼지 #서귀포흑돼지맛집 #제주맛집투어#제주가볼만한곳 #제주도가볼만한곳 #제주살이#제주도맛집여행 #제주숙소 #신화월드맛집",2021-08-19,3, ,"['#마녀상회', '#아는형님게스트하우스', '#제주여행', '#제주바다', '#제주도여행', '#제주맛집', '#제주도맛집', '#제주맛집추천', '#제주도맛집추천', '#제주흑돼지', '#제주흑돼지맛집', '#제주도흑돼지', '#제주도흑돼지맛집', '#서귀포맛집', '#서귀포흑돼지', '#서귀포흑돼지맛집', '#제주맛집투어', '#제주가볼만한곳', '#제주도가볼만한곳', '#제주살이', '#제주도맛집여행', '#제주숙소', '#신화월드맛집']"
".제주의 밤은 여기서 마무리하기로‼숙박가능한 갬성흑돼지맛집 #마녀상회 ✨⠀비,바람에도 문제없는 야외 흑돼지파티 뿌수고바로 앞 #아는형님게스트하우스 에서 숙박까지!!마당엔 귀욤뽀작 포니2마리와 사진도 찍자노을뷰의 분위기맛집 흑돼지맛집에서 하루 마무리 콜?!⠀@@우리 흑돼지뿌수고 여기서 숙박 ㄱㄱ📍위치 : 서귀포 대정읍 무릉사장로 154📍운영시간 : 16:00-22:00(재료소진시 조기마감)👉🏻 @jeju_masang⠀...#제주여행 #제주바다 #제주도여행#제주맛집 #제주도맛집 #제주맛집추천#제주도맛집추천 #제주흑돼지 #제주흑돼지맛집#제주도흑돼지 #제주도흑돼지맛집 #서귀포맛집#서귀포흑돼지 #서귀포흑돼지맛집 #제주맛집투어#제주가볼만한곳 #제주도가볼만한곳 #제주살이#제주도맛집여행 #제주숙소 #신화월드맛집",2021-08-19,4, ,"['#마녀상회', '#아는형님게스트하우스', '#제주여행', '#제주바다', '#제주도여행', '#제주맛집', '#제주도맛집', '#제주맛집추천', '#제주도맛집추천', '#제주흑돼지', '#제주흑돼지맛집', '#제주도흑돼지', '#제주도흑돼지맛집', '#서귀포맛집', '#서귀포흑돼지', '#서귀포흑돼지맛집', '#제주맛집투어', '#제주가볼만한곳', '#제주도가볼만한곳', '#제주살이', '#제주도맛집여행', '#제주숙소', '#신화월드맛집']"
".제주의 밤은 여기서 마무리하기로‼숙박가능한 갬성흑돼지맛집 #마녀상회 ✨⠀비,바람에도 문제없는 야외 흑돼지파티 뿌수고바로 앞 #아는형님게스트하우스 에서 숙박까지!!마당엔 귀욤뽀작 포니2마리와 사진도 찍자노을뷰의 분위기맛집 흑돼지맛집에서 하루 마무리 콜?!⠀@@우리 흑돼지뿌수고 여기서 숙박 ㄱㄱ📍위치 : 서귀포 대정읍 무릉사장로 154📍운영시간 : 16:00-22:00(재료소진시 조기마감)👉🏻 @jeju_masang⠀...#제주여행 #제주바다 #제주도여행#제주맛집 #제주도맛집 #제주맛집추천#제주도맛집추천 #제주흑돼지 #제주흑돼지맛집#제주도흑돼지 #제주도흑돼지맛집 #서귀포맛집#서귀포흑돼지 #서귀포흑돼지맛집 #제주맛집투어#제주가볼만한곳 #제주도가볼만한곳 #제주살이#제주도맛집여행 #제주숙소 #신화월드맛집",2021-08-19,2, ,"['#마녀상회', '#아는형님게스트하우스', '#제주여행', '#제주바다', '#제주도여행', '#제주맛집', '#제주도맛집', '#제주맛집추천', '#제주도맛집추천', '#제주흑돼지', '#제주흑돼지맛집', '#제주도흑돼지', '#제주도흑돼지맛집', '#서귀포맛집', '#서귀포흑돼지', '#서귀포흑돼지맛집', '#제주맛집투어', '#제주가볼만한곳', '#제주도가볼만한곳', '#제주살이', '#제주도맛집여행', '#제주숙소', '#신화월드맛집']"
"#마늘의맛집탐방 #마늘로드맛집 #빵빵여사 #마늘로드제주 #마늘로드제주도 #겸손의아이콘 이틀 내내 빵빵여사와 빵만 먹었다. 배가 빵빵 해졌다.다행히 한끼는 고기를. #마농갈비...#금강산도식후경 1.  끌림2. 인스밀3. 율4. 이누팬 @iinu_pan5. 금능샌드6. 연과자점7. 보래드베이커스8. 88버거스9. 넘버피넛10. 설심당11. 명호마농갈비 @kimhoy @jeju_burningcow....언제든 가기 쉬운 국내맛집 리뷰, 평가는 안해요.해외맛집 리뷰는 -> @hellomatzip#여피와히피사이#simpleisbest#남는건시간뿐 #골로가는데순서없다 .#하고싶은일만한다 .#다이어트는내일로 .내돈내산내돈내여행음식, 여행,광고 협찬 일절 안받습니다.그 시간에 하고 싶은 거 하며 자유롭게 살렵니다... #제주맛집 #제주도맛집 #jejutrip #제주여행 #제주도여행 #제주빵집 #제주도빵집",2021-08-19,38, ,"['#마늘의맛집탐방', '#마늘로드맛집', '#빵빵여사', '#마늘로드제주', '#마늘로드제주도', '#겸손의아이콘', '#마농갈비...', '#금강산도식후경', '#여피와히피사이', '#simpleisbest', '#남는건시간뿐', '#골로가는데순서없다', '#하고싶은일만한다', '#다이어트는내일로', '#제주맛집', '#제주도맛집', '#jejutrip', '#제주여행', '#제주도여행', '#제주빵집', '#제주도빵집']"
".제주의 밤은 여기서 마무리하기로‼숙박가능한 갬성흑돼지맛집 #마녀상회 ✨⠀비,바람에도 문제없는 야외 흑돼지파티 뿌수고바로 앞 #아는형님게스트하우스 에서 숙박까지!!마당엔 귀욤뽀작 포니2마리와 사진도 찍자노을뷰의 분위기맛집 흑돼지맛집에서 하루 마무리 콜?!⠀@@우리 흑돼지뿌수고 여기서 숙박 ㄱㄱ📍위치 : 서귀포 대정읍 무릉사장로 154📍운영시간 : 16:00-22:00(재료소진시 조기마감)👉🏻 @jeju_masang⠀...#제주여행 #제주바다 #제주도여행#제주맛집 #제주도맛집 #제주맛집추천#제주도맛집추천 #제주흑돼지 #제주흑돼지맛집#제주도흑돼지 #제주도흑돼지맛집 #서귀포맛집#서귀포흑돼지 #서귀포흑돼지맛집 #제주맛집투어#제주가볼만한곳 #제주도가볼만한곳 #제주살이#제주도맛집여행 #제주숙소 #신화월드맛집",2021-08-19,1, ,"['#마녀상회', '#아는형님게스트하우스', '#제주여행', '#제주바다', '#제주도여행', '#제주맛집', '#제주도맛집', '#제주맛집추천', '#제주도맛집추천', '#제주흑돼지', '#제주흑돼지맛집', '#제주도흑돼지', '#제주도흑돼지맛집', '#서귀포맛집', '#서귀포흑돼지', '#서귀포흑돼지맛집', '#제주맛집투어', '#제주가볼만한곳', '#제주도가볼만한곳', '#제주살이', '#제주도맛집여행', '#제주숙소', '#신화월드맛집']"
".제주의 밤은 여기서 마무리하기로‼숙박가능한 갬성흑돼지맛집 #마녀상회 ✨⠀비,바람에도 문제없는 야외 흑돼지파티 뿌수고바로 앞 #아는형님게스트하우스 에서 숙박까지!!마당엔 귀욤뽀작 포니2마리와 사진도 찍자노을뷰의 분위기맛집 흑돼지맛집에서 하루 마무리 콜?!⠀@@우리 흑돼지뿌수고 여기서 숙박 ㄱㄱ📍위치 : 서귀포 대정읍 무릉사장로 154📍운영시간 : 16:00-22:00(재료소진시 조기마감)👉🏻 @jeju_masang⠀...#제주여행 #제주바다 #제주도여행#제주맛집 #제주도맛집 #제주맛집추천#제주도맛집추천 #제주흑돼지 #제주흑돼지맛집#제주도흑돼지 #제주도흑돼지맛집 #서귀포맛집#서귀포흑돼지 #서귀포흑돼지맛집 #제주맛집투어#제주가볼만한곳 #제주도가볼만한곳 #제주살이#제주도맛집여행 #제주숙소 #신화월드맛집",2021-08-19,1, ,"['#마녀상회', '#아는형님게스트하우스', '#제주여행', '#제주바다', '#제주도여행', '#제주맛집', '#제주도맛집', '#제주맛집추천', '#제주도맛집추천', '#제주흑돼지', '#제주흑돼지맛집', '#제주도흑돼지', '#제주도흑돼지맛집', '#서귀포맛집', '#서귀포흑돼지', '#서귀포흑돼지맛집', '#제주맛집투어', '#제주가볼만한곳', '#제주도가볼만한곳', '#제주살이', '#제주도맛집여행', '#제주숙소', '#신화월드맛집']"
".제주의 밤은 여기서 마무리하기로‼숙박가능한 갬성흑돼지맛집 #마녀상회 ✨⠀비,바람에도 문제없는 야외 흑돼지파티 뿌수고바로 앞 #아는형님게스트하우스 에서 숙박까지!!마당엔 귀욤뽀작 포니2마리와 사진도 찍자노을뷰의 분위기맛집 흑돼지맛집에서 하루 마무리 콜?!⠀@@우리 흑돼지뿌수고 여기서 숙박 ㄱㄱ📍위치 : 서귀포 대정읍 무릉사장로 154📍운영시간 : 16:00-22:00(재료소진시 조기마감)👉🏻 @jeju_masang⠀...#제주여행 #제주바다 #제주도여행#제주맛집 #제주도맛집 #제주맛집추천#제주도맛집추천 #제주흑돼지 #제주흑돼지맛집#제주도흑돼지 #제주도흑돼지맛집 #서귀포맛집#서귀포흑돼지 #서귀포흑돼지맛집 #제주맛집투어#제주가볼만한곳 #제주도가볼만한곳 #제주살이#제주도맛집여행 #제주숙소 #신화월드맛집",2021-08-19,1, ,"['#마녀상회', '#아는형님게스트하우스', '#제주여행', '#제주바다', '#제주도여행', '#제주맛집', '#제주도맛집', '#제주맛집추천', '#제주도맛집추천', '#제주흑돼지', '#제주흑돼지맛집', '#제주도흑돼지', '#제주도흑돼지맛집', '#서귀포맛집', '#서귀포흑돼지', '#서귀포흑돼지맛집', '#제주맛집투어', '#제주가볼만한곳', '#제주도가볼만한곳', '#제주살이', '#제주도맛집여행', '#제주숙소', '#신화월드맛집']"
⠀⠀⠀⠀ˏ 𓏧 𓏲 𓏲 𓏲 𓋒 𓏲 𓏲 𓏲 𓏲 𓏧 ˎ⠀𝙋𝙧𝙚𝙢𝙞𝙪𝙢 𝙦𝙪𝙖𝙡𝙞𝙩𝙮𝙍𝙐𝘾𝙄𝙀𝙇𝙈𝘼𝙇𝙇🏷⠀⠀🍃 더 많은 상품은 상단 링크에카테고리별로 나뉘어져있습니다 :)⠀ˏ 𓏧 𓏲 𓏲 𓏲 𓋒 𓏲 𓏲 𓏲 𓏲 𓏧 ˎ⠀𝙠𝙖𝙠𝙖𝙤𝙩𝙖𝙡𝙠 ㅡ❥𝙗𝙞𝙗𝙞𝙮𝙖77⠀카톡 친추 또는 플필상단 링크로사진첨부 후 문의부탁드려요 ꈍᴗꈍ⠀⠀모든상품 색상별 사이즈별모두 구매가능합니다 🙆 ♀️피드에 없는 상품도 구매가능해용 ❥･•⠀⠀╔═══════ -ˋˏ *.·:·.⟐.·:·.* ˎˊ- ═══════╗⠀⠀❥･• DM / 댓글은 확인못합니다 ㅠㅠ❥･• 현금 / 카드결제 무이자 가능❥･• 1차 2차 철저한 검수진행필수!❥･• 검수사진 또는 검수영상 전달 후 출고❥･• 배송기간은 출고 후 2-3주 소요❥･• 수령할때까지 배송상시체크 후 안내❥･• 모든제품 풀박스 구성⠀⠀╚═══════ -ˋˏ *.·:·.⟐.·:·.* ˎˊ- ═══════╝⠀⠀⠀이미 한번 구매하신 언니들은소개도 많이 해주시공몇년째 쭉- 한결같이 이용중인언니들이 많은 루시엘몰이에요 'ڡ'४⠀⠀퀄리티는 당연히 인정이죠 ✌수령할때까지 딱!딱! 배송체크해주니깐안심하고 맘편히 받아보세용 ⑉♥⠀⠀정품퀄리티로 이젠 당당하게 사용하세요 'ڡ'४문의는 프로필 상단 링크로 문의주세욥⑉♥⠀⠀⠀⠀,2021-08-19,2, ,[]
".제주의 밤은 여기서 마무리하기로‼숙박가능한 갬성흑돼지맛집 #마녀상회 ✨⠀비,바람에도 문제없는 야외 흑돼지파티 뿌수고바로 앞 #아는형님게스트하우스 에서 숙박까지!!마당엔 귀욤뽀작 포니2마리와 사진도 찍자노을뷰의 분위기맛집 흑돼지맛집에서 하루 마무리 콜?!⠀@@우리 흑돼지뿌수고 여기서 숙박 ㄱㄱ📍위치 : 서귀포 대정읍 무릉사장로 154📍운영시간 : 16:00-22:00(재료소진시 조기마감)👉🏻 @jeju_masang⠀...#제주여행 #제주바다 #제주도여행#제주맛집 #제주도맛집 #제주맛집추천#제주도맛집추천 #제주흑돼지 #제주흑돼지맛집#제주도흑돼지 #제주도흑돼지맛집 #서귀포맛집#서귀포흑돼지 #서귀포흑돼지맛집 #제주맛집투어#제주가볼만한곳 #제주도가볼만한곳 #제주살이#제주도맛집여행 #제주숙소 #신화월드맛집",2021-08-19,2, ,"['#마녀상회', '#아는형님게스트하우스', '#제주여행', '#제주바다', '#제주도여행', '#제주맛집', '#제주도맛집', '#제주맛집추천', '#제주도맛집추천', '#제주흑돼지', '#제주흑돼지맛집', '#제주도흑돼지', '#제주도흑돼지맛집', '#서귀포맛집', '#서귀포흑돼지', '#서귀포흑돼지맛집', '#제주맛집투어', '#제주가볼만한곳', '#제주도가볼만한곳', '#제주살이', '#제주도맛집여행', '#제주숙소', '#신화월드맛집']"
".제주의 밤은 여기서 마무리하기로‼숙박가능한 갬성흑돼지맛집 #마녀상회 ✨⠀비,바람에도 문제없는 야외 흑돼지파티 뿌수고바로 앞 #아는형님게스트하우스 에서 숙박까지!!마당엔 귀욤뽀작 포니2마리와 사진도 찍자노을뷰의 분위기맛집 흑돼지맛집에서 하루 마무리 콜?!⠀@@우리 흑돼지뿌수고 여기서 숙박 ㄱㄱ📍위치 : 서귀포 대정읍 무릉사장로 154📍운영시간 : 16:00-22:00(재료소진시 조기마감)👉🏻 @jeju_masang⠀...#제주여행 #제주바다 #제주도여행#제주맛집 #제주도맛집 #제주맛집추천#제주도맛집추천 #제주흑돼지 #제주흑돼지맛집#제주도흑돼지 #제주도흑돼지맛집 #서귀포맛집#서귀포흑돼지 #서귀포흑돼지맛집 #제주맛집투어#제주가볼만한곳 #제주도가볼만한곳 #제주살이#제주도맛집여행 #제주숙소 #신화월드맛집",2021-08-19,저 좋아요를 눌러보세, ,"['#마녀상회', '#아는형님게스트하우스', '#제주여행', '#제주바다', '#제주도여행', '#제주맛집', '#제주도맛집', '#제주맛집추천', '#제주도맛집추천', '#제주흑돼지', '#제주흑돼지맛집', '#제주도흑돼지', '#제주도흑돼지맛집', '#서귀포맛집', '#서귀포흑돼지', '#서귀포흑돼지맛집', '#제주맛집투어', '#제주가볼만한곳', '#제주도가볼만한곳', '#제주살이', '#제주도맛집여행', '#제주숙소', '#신화월드맛집']"
".제주의 밤은 여기서 마무리하기로‼숙박가능한 갬성흑돼지맛집 #마녀상회 ✨⠀비,바람에도 문제없는 야외 흑돼지파티 뿌수고바로 앞 #아는형님게스트하우스 에서 숙박까지!!마당엔 귀욤뽀작 포니2마리와 사진도 찍자노을뷰의 분위기맛집 흑돼지맛집에서 하루 마무리 콜?!⠀@@우리 흑돼지뿌수고 여기서 숙박 ㄱㄱ📍위치 : 서귀포 대정읍 무릉사장로 154📍운영시간 : 16:00-22:00(재료소진시 조기마감)👉🏻 @jeju_masang⠀...#제주여행 #제주바다 #제주도여행#제주맛집 #제주도맛집 #제주맛집추천#제주도맛집추천 #제주흑돼지 #제주흑돼지맛집#제주도흑돼지 #제주도흑돼지맛집 #서귀포맛집#서귀포흑돼지 #서귀포흑돼지맛집 #제주맛집투어#제주가볼만한곳 #제주도가볼만한곳 #제주살이#제주도맛집여행 #제주숙소 #신화월드맛집",2021-08-19,3, ,"['#마녀상회', '#아는형님게스트하우스', '#제주여행', '#제주바다', '#제주도여행', '#제주맛집', '#제주도맛집', '#제주맛집추천', '#제주도맛집추천', '#제주흑돼지', '#제주흑돼지맛집', '#제주도흑돼지', '#제주도흑돼지맛집', '#서귀포맛집', '#서귀포흑돼지', '#서귀포흑돼지맛집', '#제주맛집투어', '#제주가볼만한곳', '#제주도가볼만한곳', '#제주살이', '#제주도맛집여행', '#제주숙소', '#신화월드맛집']"
".제주의 밤은 여기서 마무리하기로‼숙박가능한 갬성흑돼지맛집 #마녀상회 ✨⠀비,바람에도 문제없는 야외 흑돼지파티 뿌수고바로 앞 #아는형님게스트하우스 에서 숙박까지!!마당엔 귀욤뽀작 포니2마리와 사진도 찍자노을뷰의 분위기맛집 흑돼지맛집에서 하루 마무리 콜?!⠀@@우리 흑돼지뿌수고 여기서 숙박 ㄱㄱ📍위치 : 서귀포 대정읍 무릉사장로 154📍운영시간 : 16:00-22:00(재료소진시 조기마감)👉🏻 @jeju_masang⠀...#제주여행 #제주바다 #제주도여행#제주맛집 #제주도맛집 #제주맛집추천#제주도맛집추천 #제주흑돼지 #제주흑돼지맛집#제주도흑돼지 #제주도흑돼지맛집 #서귀포맛집#서귀포흑돼지 #서귀포흑돼지맛집 #제주맛집투어#제주가볼만한곳 #제주도가볼만한곳 #제주살이#제주도맛집여행 #제주숙소 #신화월드맛집",2021-08-19,2, ,"['#마녀상회', '#아는형님게스트하우스', '#제주여행', '#제주바다', '#제주도여행', '#제주맛집', '#제주도맛집', '#제주맛집추천', '#제주도맛집추천', '#제주흑돼지', '#제주흑돼지맛집', '#제주도흑돼지', '#제주도흑돼지맛집', '#서귀포맛집', '#서귀포흑돼지', '#서귀포흑돼지맛집', '#제주맛집투어', '#제주가볼만한곳', '#제주도가볼만한곳', '#제주살이', '#제주도맛집여행', '#제주숙소', '#신화월드맛집']"
"#행오바파커 오늘도 깔끔하게 오픈준비 됐습니다👍찾아주시면 맛있는 #아메리칸핫도그 로 답하겠습니다🌭🙏🙏🌭배민으로 주문 가능 #멜버른32 검색🛵🛵서귀포시 동부로24, MELBOURNE32open 12:00-close 01:00@melbourne_32#제주맛집 #제주도맛집 #제주도민맛집 #서귀포맛집 #정방폭포 #천지연폭포 #쇠소깍 #애월맛집 #협재해수욕장 #협재맛집 #아메리칸핫도그 #아메리칸핫도그맛집 #제주도여행 #서귀포여행 #이중섭거리 #자구리공원 #중문색달해변",2021-08-19,4, ,"['#행오바파커', '#아메리칸핫도그', '#멜버른32', '#제주맛집', '#제주도맛집', '#제주도민맛집', '#서귀포맛집', '#정방폭포', '#천지연폭포', '#쇠소깍', '#애월맛집', '#협재해수욕장', '#협재맛집', '#아메리칸핫도그', '#아메리칸핫도그맛집', '#제주도여행', '#서귀포여행', '#이중섭거리', '#자구리공원', '#중문색달해변']"
".제주의 밤은 여기서 마무리하기로‼숙박가능한 갬성흑돼지맛집 #마녀상회 ✨⠀비,바람에도 문제없는 야외 흑돼지파티 뿌수고바로 앞 #아는형님게스트하우스 에서 숙박까지!!마당엔 귀욤뽀작 포니2마리와 사진도 찍자노을뷰의 분위기맛집 흑돼지맛집에서 하루 마무리 콜?!⠀@@우리 흑돼지뿌수고 여기서 숙박 ㄱㄱ📍위치 : 서귀포 대정읍 무릉사장로 154📍운영시간 : 16:00-22:00(재료소진시 조기마감)👉🏻 @jeju_masang⠀...#제주여행 #제주바다 #제주도여행#제주맛집 #제주도맛집 #제주맛집추천#제주도맛집추천 #제주흑돼지 #제주흑돼지맛집#제주도흑돼지 #제주도흑돼지맛집 #서귀포맛집#서귀포흑돼지 #서귀포흑돼지맛집 #제주맛집투어#제주가볼만한곳 #제주도가볼만한곳 #제주살이#제주도맛집여행 #제주숙소 #신화월드맛집",2021-08-19,3, ,"['#마녀상회', '#아는형님게스트하우스', '#제주여행', '#제주바다', '#제주도여행', '#제주맛집', '#제주도맛집', '#제주맛집추천', '#제주도맛집추천', '#제주흑돼지', '#제주흑돼지맛집', '#제주도흑돼지', '#제주도흑돼지맛집', '#서귀포맛집', '#서귀포흑돼지', '#서귀포흑돼지맛집', '#제주맛집투어', '#제주가볼만한곳', '#제주도가볼만한곳', '#제주살이', '#제주도맛집여행', '#제주숙소', '#신화월드맛집']"
".제주의 밤은 여기서 마무리하기로‼숙박가능한 갬성흑돼지맛집 #마녀상회 ✨⠀비,바람에도 문제없는 야외 흑돼지파티 뿌수고바로 앞 #아는형님게스트하우스 에서 숙박까지!!마당엔 귀욤뽀작 포니2마리와 사진도 찍자노을뷰의 분위기맛집 흑돼지맛집에서 하루 마무리 콜?!⠀@@우리 흑돼지뿌수고 여기서 숙박 ㄱㄱ📍위치 : 서귀포 대정읍 무릉사장로 154📍운영시간 : 16:00-22:00(재료소진시 조기마감)👉🏻 @jeju_masang⠀...#제주여행 #제주바다 #제주도여행#제주맛집 #제주도맛집 #제주맛집추천#제주도맛집추천 #제주흑돼지 #제주흑돼지맛집#제주도흑돼지 #제주도흑돼지맛집 #서귀포맛집#서귀포흑돼지 #서귀포흑돼지맛집 #제주맛집투어#제주가볼만한곳 #제주도가볼만한곳 #제주살이#제주도맛집여행 #제주숙소 #신화월드맛집",2021-08-19,저 좋아요를 눌러보세, ,"['#마녀상회', '#아는형님게스트하우스', '#제주여행', '#제주바다', '#제주도여행', '#제주맛집', '#제주도맛집', '#제주맛집추천', '#제주도맛집추천', '#제주흑돼지', '#제주흑돼지맛집', '#제주도흑돼지', '#제주도흑돼지맛집', '#서귀포맛집', '#서귀포흑돼지', '#서귀포흑돼지맛집', '#제주맛집투어', '#제주가볼만한곳', '#제주도가볼만한곳', '#제주살이', '#제주도맛집여행', '#제주숙소', '#신화월드맛집']"
"🌱 #오설록 우리들의 행복한시간어머님과 제주여행 ,,어머님이 사주신 귤모자 취향저격🧡#여행기록 #가족여행 #제주여행 #녹차밭",2021-08-19,31, ,"['#오설록', '#여행기록', '#가족여행', '#제주여행', '#녹차밭']"
엄청큰 카페뜬!!,2021-08-19,49, ,[]
뜬,2021-08-19,64, ,[]
".제주의 밤은 여기서 마무리하기로‼숙박가능한 갬성흑돼지맛집 #마녀상회 ✨⠀비,바람에도 문제없는 야외 흑돼지파티 뿌수고바로 앞 #아는형님게스트하우스 에서 숙박까지!!마당엔 귀욤뽀작 포니2마리와 사진도 찍자노을뷰의 분위기맛집 흑돼지맛집에서 하루 마무리 콜?!⠀@@우리 흑돼지뿌수고 여기서 숙박 ㄱㄱ📍위치 : 서귀포 대정읍 무릉사장로 154📍운영시간 : 16:00-22:00(재료소진시 조기마감)👉🏻 @jeju_masang⠀...#제주여행 #제주바다 #제주도여행#제주맛집 #제주도맛집 #제주맛집추천#제주도맛집추천 #제주흑돼지 #제주흑돼지맛집#제주도흑돼지 #제주도흑돼지맛집 #서귀포맛집#서귀포흑돼지 #서귀포흑돼지맛집 #제주맛집투어#제주가볼만한곳 #제주도가볼만한곳 #제주살이#제주도맛집여행 #제주숙소 #신화월드맛집",2021-08-19,1, ,"['#마녀상회', '#아는형님게스트하우스', '#제주여행', '#제주바다', '#제주도여행', '#제주맛집', '#제주도맛집', '#제주맛집추천', '#제주도맛집추천', '#제주흑돼지', '#제주흑돼지맛집', '#제주도흑돼지', '#제주도흑돼지맛집', '#서귀포맛집', '#서귀포흑돼지', '#서귀포흑돼지맛집', '#제주맛집투어', '#제주가볼만한곳', '#제주도가볼만한곳', '#제주살이', '#제주도맛집여행', '#제주숙소', '#신화월드맛집']"
".제주의 밤은 여기서 마무리하기로‼숙박가능한 갬성흑돼지맛집 #마녀상회 ✨⠀비,바람에도 문제없는 야외 흑돼지파티 뿌수고바로 앞 #아는형님게스트하우스 에서 숙박까지!!마당엔 귀욤뽀작 포니2마리와 사진도 찍자노을뷰의 분위기맛집 흑돼지맛집에서 하루 마무리 콜?!⠀@@우리 흑돼지뿌수고 여기서 숙박 ㄱㄱ📍위치 : 서귀포 대정읍 무릉사장로 154📍운영시간 : 16:00-22:00(재료소진시 조기마감)👉🏻 @jeju_masang⠀...#제주여행 #제주바다 #제주도여행#제주맛집 #제주도맛집 #제주맛집추천#제주도맛집추천 #제주흑돼지 #제주흑돼지맛집#제주도흑돼지 #제주도흑돼지맛집 #서귀포맛집#서귀포흑돼지 #서귀포흑돼지맛집 #제주맛집투어#제주가볼만한곳 #제주도가볼만한곳 #제주살이#제주도맛집여행 #제주숙소 #신화월드맛집",2021-08-19,저 좋아요를 눌러보세, ,"['#마녀상회', '#아는형님게스트하우스', '#제주여행', '#제주바다', '#제주도여행', '#제주맛집', '#제주도맛집', '#제주맛집추천', '#제주도맛집추천', '#제주흑돼지', '#제주흑돼지맛집', '#제주도흑돼지', '#제주도흑돼지맛집', '#서귀포맛집', '#서귀포흑돼지', '#서귀포흑돼지맛집', '#제주맛집투어', '#제주가볼만한곳', '#제주도가볼만한곳', '#제주살이', '#제주도맛집여행', '#제주숙소', '#신화월드맛집']"
".제주의 밤은 여기서 마무리하기로‼숙박가능한 갬성흑돼지맛집 #마녀상회 ✨⠀비,바람에도 문제없는 야외 흑돼지파티 뿌수고바로 앞 #아는형님게스트하우스 에서 숙박까지!!마당엔 귀욤뽀작 포니2마리와 사진도 찍자노을뷰의 분위기맛집 흑돼지맛집에서 하루 마무리 콜?!⠀@@우리 흑돼지뿌수고 여기서 숙박 ㄱㄱ📍위치 : 서귀포 대정읍 무릉사장로 154📍운영시간 : 16:00-22:00(재료소진시 조기마감)👉🏻 @jeju_masang⠀...#제주여행 #제주바다 #제주도여행#제주맛집 #제주도맛집 #제주맛집추천#제주도맛집추천 #제주흑돼지 #제주흑돼지맛집#제주도흑돼지 #제주도흑돼지맛집 #서귀포맛집#서귀포흑돼지 #서귀포흑돼지맛집 #제주맛집투어#제주가볼만한곳 #제주도가볼만한곳 #제주살이#제주도맛집여행 #제주숙소 #신화월드맛집",2021-08-19,3, ,"['#마녀상회', '#아는형님게스트하우스', '#제주여행', '#제주바다', '#제주도여행', '#제주맛집', '#제주도맛집', '#제주맛집추천', '#제주도맛집추천', '#제주흑돼지', '#제주흑돼지맛집', '#제주도흑돼지', '#제주도흑돼지맛집', '#서귀포맛집', '#서귀포흑돼지', '#서귀포흑돼지맛집', '#제주맛집투어', '#제주가볼만한곳', '#제주도가볼만한곳', '#제주살이', '#제주도맛집여행', '#제주숙소', '#신화월드맛집']"
".제주의 밤은 여기서 마무리하기로‼숙박가능한 갬성흑돼지맛집 #마녀상회 ✨⠀비,바람에도 문제없는 야외 흑돼지파티 뿌수고바로 앞 #아는형님게스트하우스 에서 숙박까지!!마당엔 귀욤뽀작 포니2마리와 사진도 찍자노을뷰의 분위기맛집 흑돼지맛집에서 하루 마무리 콜?!⠀@@우리 흑돼지뿌수고 여기서 숙박 ㄱㄱ📍위치 : 서귀포 대정읍 무릉사장로 154📍운영시간 : 16:00-22:00(재료소진시 조기마감)👉🏻 @jeju_masang⠀...#제주여행 #제주바다 #제주도여행#제주맛집 #제주도맛집 #제주맛집추천#제주도맛집추천 #제주흑돼지 #제주흑돼지맛집#제주도흑돼지 #제주도흑돼지맛집 #서귀포맛집#서귀포흑돼지 #서귀포흑돼지맛집 #제주맛집투어#제주가볼만한곳 #제주도가볼만한곳 #제주살이#제주도맛집여행 #제주숙소 #신화월드맛집",2021-08-19,저 좋아요를 눌러보세, ,"['#마녀상회', '#아는형님게스트하우스', '#제주여행', '#제주바다', '#제주도여행', '#제주맛집', '#제주도맛집', '#제주맛집추천', '#제주도맛집추천', '#제주흑돼지', '#제주흑돼지맛집', '#제주도흑돼지', '#제주도흑돼지맛집', '#서귀포맛집', '#서귀포흑돼지', '#서귀포흑돼지맛집', '#제주맛집투어', '#제주가볼만한곳', '#제주도가볼만한곳', '#제주살이', '#제주도맛집여행', '#제주숙소', '#신화월드맛집']"
+#인천맛집#수원맛집#홍대맛집#제주도맛집#강남맛집#대구맛집#울산맛집#부산맛집#세종맛집#대전맛집#의정부맛집#구리맛집#일산맛집#건대맛집#남양주맛집#목동맛집#김포맛집#강서구맛집#안양맛집#범계맛집#평촌맛집#군포맛집#광명맛집#용인맛집#평택맛집,2021-08-19,3, ,"['#인천맛집', '#수원맛집', '#홍대맛집', '#제주도맛집', '#강남맛집', '#대구맛집', '#울산맛집', '#부산맛집', '#세종맛집', '#대전맛집', '#의정부맛집', '#구리맛집', '#일산맛집', '#건대맛집', '#남양주맛집', '#목동맛집', '#김포맛집', '#강서구맛집', '#안양맛집', '#범계맛집', '#평촌맛집', '#군포맛집', '#광명맛집', '#용인맛집', '#평택맛집']"
".제주의 밤은 여기서 마무리하기로‼숙박가능한 갬성흑돼지맛집 #마녀상회 ✨⠀비,바람에도 문제없는 야외 흑돼지파티 뿌수고바로 앞 #아는형님게스트하우스 에서 숙박까지!!마당엔 귀욤뽀작 포니2마리와 사진도 찍자노을뷰의 분위기맛집 흑돼지맛집에서 하루 마무리 콜?!⠀@@우리 흑돼지뿌수고 여기서 숙박 ㄱㄱ📍위치 : 서귀포 대정읍 무릉사장로 154📍운영시간 : 16:00-22:00(재료소진시 조기마감)👉🏻 @jeju_masang⠀...#제주여행 #제주바다 #제주도여행#제주맛집 #제주도맛집 #제주맛집추천#제주도맛집추천 #제주흑돼지 #제주흑돼지맛집#제주도흑돼지 #제주도흑돼지맛집 #서귀포맛집#서귀포흑돼지 #서귀포흑돼지맛집 #제주맛집투어#제주가볼만한곳 #제주도가볼만한곳 #제주살이#제주도맛집여행 #제주숙소 #신화월드맛집",2021-08-19,저 좋아요를 눌러보세, ,"['#마녀상회', '#아는형님게스트하우스', '#제주여행', '#제주바다', '#제주도여행', '#제주맛집', '#제주도맛집', '#제주맛집추천', '#제주도맛집추천', '#제주흑돼지', '#제주흑돼지맛집', '#제주도흑돼지', '#제주도흑돼지맛집', '#서귀포맛집', '#서귀포흑돼지', '#서귀포흑돼지맛집', '#제주맛집투어', '#제주가볼만한곳', '#제주도가볼만한곳', '#제주살이', '#제주도맛집여행', '#제주숙소', '#신화월드맛집']"
⠀⠀⠀⠀ˏ 𓏧 𓏲 𓏲 𓏲 𓋒 𓏲 𓏲 𓏲 𓏲 𓏧 ˎ⠀𝙋𝙧𝙚𝙢𝙞𝙪𝙢 𝙦𝙪𝙖𝙡𝙞𝙩𝙮𝙍𝙐𝘾𝙄𝙀𝙇𝙈𝘼𝙇𝙇🏷⠀⠀🍃 더 많은 상품은 상단 링크에카테고리별로 나뉘어져있습니다 :)⠀ˏ 𓏧 𓏲 𓏲 𓏲 𓋒 𓏲 𓏲 𓏲 𓏲 𓏧 ˎ⠀𝙠𝙖𝙠𝙖𝙤𝙩𝙖𝙡𝙠 ㅡ❥𝙗𝙞𝙗𝙞𝙮𝙖77⠀카톡 친추 또는 플필상단 링크로사진첨부 후 문의부탁드려요 ꈍᴗꈍ⠀⠀모든상품 색상별 사이즈별모두 구매가능합니다 🙆 ♀️피드에 없는 상품도 구매가능해용 ❥･•⠀⠀╔═══════ -ˋˏ *.·:·.⟐.·:·.* ˎˊ- ═══════╗⠀⠀❥･• DM / 댓글은 확인못합니다 ㅠㅠ❥･• 현금 / 카드결제 무이자 가능❥･• 1차 2차 철저한 검수진행필수!❥･• 검수사진 또는 검수영상 전달 후 출고❥･• 배송기간은 출고 후 2-3주 소요❥･• 수령할때까지 배송상시체크 후 안내❥･• 모든제품 풀박스 구성⠀⠀╚═══════ -ˋˏ *.·:·.⟐.·:·.* ˎˊ- ═══════╝⠀⠀⠀이미 한번 구매하신 언니들은소개도 많이 해주시공몇년째 쭉- 한결같이 이용중인언니들이 많은 루시엘몰이에요 'ڡ'४⠀⠀퀄리티는 당연히 인정이죠 ✌수령할때까지 딱!딱! 배송체크해주니깐안심하고 맘편히 받아보세용 ⑉♥⠀⠀정품퀄리티로 이젠 당당하게 사용하세요 'ڡ'४문의는 프로필 상단 링크로 문의주세욥⑉♥⠀⠀⠀⠀,2021-08-19,3, ,[]
".제주의 밤은 여기서 마무리하기로‼숙박가능한 갬성흑돼지맛집 #마녀상회 ✨⠀비,바람에도 문제없는 야외 흑돼지파티 뿌수고바로 앞 #아는형님게스트하우스 에서 숙박까지!!마당엔 귀욤뽀작 포니2마리와 사진도 찍자노을뷰의 분위기맛집 흑돼지맛집에서 하루 마무리 콜?!⠀@@우리 흑돼지뿌수고 여기서 숙박 ㄱㄱ📍위치 : 서귀포 대정읍 무릉사장로 154📍운영시간 : 16:00-22:00(재료소진시 조기마감)👉🏻 @jeju_masang⠀...#제주여행 #제주바다 #제주도여행#제주맛집 #제주도맛집 #제주맛집추천#제주도맛집추천 #제주흑돼지 #제주흑돼지맛집#제주도흑돼지 #제주도흑돼지맛집 #서귀포맛집#서귀포흑돼지 #서귀포흑돼지맛집 #제주맛집투어#제주가볼만한곳 #제주도가볼만한곳 #제주살이#제주도맛집여행 #제주숙소 #신화월드맛집",2021-08-19,저 좋아요를 눌러보세, ,"['#마녀상회', '#아는형님게스트하우스', '#제주여행', '#제주바다', '#제주도여행', '#제주맛집', '#제주도맛집', '#제주맛집추천', '#제주도맛집추천', '#제주흑돼지', '#제주흑돼지맛집', '#제주도흑돼지', '#제주도흑돼지맛집', '#서귀포맛집', '#서귀포흑돼지', '#서귀포흑돼지맛집', '#제주맛집투어', '#제주가볼만한곳', '#제주도가볼만한곳', '#제주살이', '#제주도맛집여행', '#제주숙소', '#신화월드맛집']"
제주바다의 바다냄새바다소리바다바람코앞이 바다인 사일리커피파라솔밑 에서 커피한잔 어떠신가요?❤️.🤍 사일리 카페 마스크 착용 안내 🤍저희 매장에서 는 코로나 19 감염 예방을 위해 마스크 착용을 권장하며 마스크 미착용시 출입이 불가할 수 있습니다!더욱 더 안전한 서비스 제공을 위함이니 많은 양해 부탁드립니다 :)우리 모두 힘을 내서 코로나 19 이겨내요! 감사합니다. 좋은 여행 되세요 🤍정기휴무일둘째 주 / 넷째 주 (수요일) 정기 휴무일입니다. 🚗 제주특별자치도 서귀포시 최남단 해안로412Open 10:00 ~ Closed 21:00📞 010-9904-3382👉#사일리커피 .#모슬포카페 #모슬포맛집 #모슬포 #대정맛집 #대정 #대정카페 #송악산카페 #송악산맛집 #제주 #제주도 #제주도여행 #제주맛집 #제주도맛집 #제주여행 #제주카페 #제주카페추천 #제주카페투어 #서귀포맛집 #서귀포카페 #제주도카페 #제주도카페추천 #오션뷰 #해안도로카페 #제주해안도로 #제주해안도로카페 #제주가볼만한곳 #제주애견동반 #산방산 #가파도,2021-08-19,16, ,"['#사일리커피', '#모슬포카페', '#모슬포맛집', '#모슬포', '#대정맛집', '#대정', '#대정카페', '#송악산카페', '#송악산맛집', '#제주', '#제주도', '#제주도여행', '#제주맛집', '#제주도맛집', '#제주여행', '#제주카페', '#제주카페추천', '#제주카페투어', '#서귀포맛집', '#서귀포카페', '#제주도카페', '#제주도카페추천', '#오션뷰', '#해안도로카페', '#제주해안도로', '#제주해안도로카페', '#제주가볼만한곳', '#제주애견동반', '#산방산', '#가파도']"
".제주의 밤은 여기서 마무리하기로‼숙박가능한 갬성흑돼지맛집 #마녀상회 ✨⠀비,바람에도 문제없는 야외 흑돼지파티 뿌수고바로 앞 #아는형님게스트하우스 에서 숙박까지!!마당엔 귀욤뽀작 포니2마리와 사진도 찍자노을뷰의 분위기맛집 흑돼지맛집에서 하루 마무리 콜?!⠀@@우리 흑돼지뿌수고 여기서 숙박 ㄱㄱ📍위치 : 서귀포 대정읍 무릉사장로 154📍운영시간 : 16:00-22:00(재료소진시 조기마감)👉🏻 @jeju_masang⠀...#제주여행 #제주바다 #제주도여행#제주맛집 #제주도맛집 #제주맛집추천#제주도맛집추천 #제주흑돼지 #제주흑돼지맛집#제주도흑돼지 #제주도흑돼지맛집 #서귀포맛집#서귀포흑돼지 #서귀포흑돼지맛집 #제주맛집투어#제주가볼만한곳 #제주도가볼만한곳 #제주살이#제주도맛집여행 #제주숙소 #신화월드맛집",2021-08-19,2, ,"['#마녀상회', '#아는형님게스트하우스', '#제주여행', '#제주바다', '#제주도여행', '#제주맛집', '#제주도맛집', '#제주맛집추천', '#제주도맛집추천', '#제주흑돼지', '#제주흑돼지맛집', '#제주도흑돼지', '#제주도흑돼지맛집', '#서귀포맛집', '#서귀포흑돼지', '#서귀포흑돼지맛집', '#제주맛집투어', '#제주가볼만한곳', '#제주도가볼만한곳', '#제주살이', '#제주도맛집여행', '#제주숙소', '#신화월드맛집']"
".제주의 밤은 여기서 마무리하기로‼숙박가능한 갬성흑돼지맛집 #마녀상회 ✨⠀비,바람에도 문제없는 야외 흑돼지파티 뿌수고바로 앞 #아는형님게스트하우스 에서 숙박까지!!마당엔 귀욤뽀작 포니2마리와 사진도 찍자노을뷰의 분위기맛집 흑돼지맛집에서 하루 마무리 콜?!⠀@@우리 흑돼지뿌수고 여기서 숙박 ㄱㄱ📍위치 : 서귀포 대정읍 무릉사장로 154📍운영시간 : 16:00-22:00(재료소진시 조기마감)👉🏻 @jeju_masang⠀...#제주여행 #제주바다 #제주도여행#제주맛집 #제주도맛집 #제주맛집추천#제주도맛집추천 #제주흑돼지 #제주흑돼지맛집#제주도흑돼지 #제주도흑돼지맛집 #서귀포맛집#서귀포흑돼지 #서귀포흑돼지맛집 #제주맛집투어#제주가볼만한곳 #제주도가볼만한곳 #제주살이#제주도맛집여행 #제주숙소 #신화월드맛집",2021-08-19,저 좋아요를 눌러보세, ,"['#마녀상회', '#아는형님게스트하우스', '#제주여행', '#제주바다', '#제주도여행', '#제주맛집', '#제주도맛집', '#제주맛집추천', '#제주도맛집추천', '#제주흑돼지', '#제주흑돼지맛집', '#제주도흑돼지', '#제주도흑돼지맛집', '#서귀포맛집', '#서귀포흑돼지', '#서귀포흑돼지맛집', '#제주맛집투어', '#제주가볼만한곳', '#제주도가볼만한곳', '#제주살이', '#제주도맛집여행', '#제주숙소', '#신화월드맛집']"
".제주의 밤은 여기서 마무리하기로‼숙박가능한 갬성흑돼지맛집 #마녀상회 ✨⠀비,바람에도 문제없는 야외 흑돼지파티 뿌수고바로 앞 #아는형님게스트하우스 에서 숙박까지!!마당엔 귀욤뽀작 포니2마리와 사진도 찍자노을뷰의 분위기맛집 흑돼지맛집에서 하루 마무리 콜?!⠀@@우리 흑돼지뿌수고 여기서 숙박 ㄱㄱ📍위치 : 서귀포 대정읍 무릉사장로 154📍운영시간 : 16:00-22:00(재료소진시 조기마감)👉🏻 @jeju_masang⠀...#제주여행 #제주바다 #제주도여행#제주맛집 #제주도맛집 #제주맛집추천#제주도맛집추천 #제주흑돼지 #제주흑돼지맛집#제주도흑돼지 #제주도흑돼지맛집 #서귀포맛집#서귀포흑돼지 #서귀포흑돼지맛집 #제주맛집투어#제주가볼만한곳 #제주도가볼만한곳 #제주살이#제주도맛집여행 #제주숙소 #신화월드맛집",2021-08-19,4, ,"['#마녀상회', '#아는형님게스트하우스', '#제주여행', '#제주바다', '#제주도여행', '#제주맛집', '#제주도맛집', '#제주맛집추천', '#제주도맛집추천', '#제주흑돼지', '#제주흑돼지맛집', '#제주도흑돼지', '#제주도흑돼지맛집', '#서귀포맛집', '#서귀포흑돼지', '#서귀포흑돼지맛집', '#제주맛집투어', '#제주가볼만한곳', '#제주도가볼만한곳', '#제주살이', '#제주도맛집여행', '#제주숙소', '#신화월드맛집']"
제주 인생밥집⠀⠀⠀⠀⠀⠀⠀⠀⠀⠀⠀⠀⠀⠀⠀⠀⠀🕚 OPEN - 11:00⠀⠀⠀⠀⠀⠀⠀⠀⠀⠀⠀⠀🕕 CLOSED - 17:00⠀⠀⠀⠀⠀⠀⠀⠀⠀⠀⠀⠀⠀⠀⠀⠀⠀브레이크타임 없어요.⠀⠀⠀⠀⠀⠀⠀⠀⠀⠀⠀⠀⠀⠀⠀⠀⠀예약은 받지 않고 오시는 순서대로 식사가능 하세요.⠀⠀⠀⠀⠀⠀⠀⠀⠀⠀⠀⠀⠀⠀⠀⠀⠀싱싱한 해물과 신선한 야채로 그날 준비한 재료가 소진되면 조기마감 합니다. ⠀⠀⠀⠀⠀⠀⠀⠀⠀⠀⠀⠀⠀⠀⠀⠀⠀⠀⠀⠀⠀⠀⠀⠀⠀⠀⠀⠀⠀⠀⠀⠀⠀⠀🥣전복해물볶음밥 / 전복물회 / 전복딱새우장 정식⠀⠀⠀⠀⠀⠀⠀⠀⠀⠀⠀⠀⠀⠀⠀⠀⠀사는게니나노 ~ ♬인생밥집 010-6501-5073주소는 제주시 한림읍 문교길6 ..⠀⠀⠀⠀⠀⠀⠀⠀⠀⠀⠀⠀⠀⠀⠀⠀⠀🅿️ 무료 공영 주차장 위치!! .⠀⠀⠀⠀⠀⠀⠀⠀⠀⠀⠀⠀⠀⠀⠀⠀⠀🚗 제주시 한림읍 한림리 1197-4🚘 제주시 한림읍 한림리 1198-3🚙 제주시 한림읍 한림리 943-9.걸어서 2분이내 거리에요~♡♡#제주#제주도#jeju#제주살이#제주맛집#제주도맛집#한림맛집#애월맛집#대전맛집 #중문맛집#산방산맛집#월정리#신화월드맛집#제주신혼여행#협재해수욕장근처맛집#협재해변#금능해수욕장#좋아요#일상#일상스타그램#먹스타그램#맛스타그램 #전복장 #딱새우장#제주가족여행 #제주우정여행 #제주혼밥 #협재혼밥,2021-08-19,2, ,"['#제주', '#제주도', '#jeju', '#제주살이', '#제주맛집', '#제주도맛집', '#한림맛집', '#애월맛집', '#대전맛집', '#중문맛집', '#산방산맛집', '#월정리', '#신화월드맛집', '#제주신혼여행', '#협재해수욕장근처맛집', '#협재해변', '#금능해수욕장', '#좋아요', '#일상', '#일상스타그램', '#먹스타그램', '#맛스타그램', '#전복장', '#딱새우장', '#제주가족여행', '#제주우정여행', '#제주혼밥', '#협재혼밥']"
애월 로드129성게크림파스타흑돼지 멘치카츠흑돼지 치즈돈까스흑돼지 고구마치즈돈까스흑돼지 수제돈까스해물야끼소바재료소진시 조기마감전메뉴 포장가능#애월맛집#제주맛집#애월읍맛집#애월항맛집#제주애월점심#애월맛집추천#제주애월맛집#애월점심추천#애월밥집#제주현지인맛집#제주도민추천맛집#제주도현지인맛집#도민맛집#제주혼밥#제주시맛집#제주도맛집#금능맛집#한림맛집#협재맛집#협재해수욕장맛집#곽지해수욕장맛집#더럭분교맛집#애월해안도로#제주서쪽맛집#애월데이트코스#새별오름#애월카페,2021-08-19,저 좋아요를 눌러보세, ,"['#애월맛집', '#제주맛집', '#애월읍맛집', '#애월항맛집', '#제주애월점심', '#애월맛집추천', '#제주애월맛집', '#애월점심추천', '#애월밥집', '#제주현지인맛집', '#제주도민추천맛집', '#제주도현지인맛집', '#도민맛집', '#제주혼밥', '#제주시맛집', '#제주도맛집', '#금능맛집', '#한림맛집', '#협재맛집', '#협재해수욕장맛집', '#곽지해수욕장맛집', '#더럭분교맛집', '#애월해안도로', '#제주서쪽맛집', '#애월데이트코스', '#새별오름', '#애월카페']"
